"","satisfaction_level","last_evaluation","number_project","average_montly_hours","time_spend_company","Work_accident","left","promotion_last_5years","Department","salary"
"2",0.8,0.86,5,262,6,0,1,0,"sales","medium"
"5",0.37,0.52,2,159,3,0,1,0,"sales","low"
"6",0.41,0.5,2,153,3,0,1,0,"sales","low"
"8",0.92,0.85,5,259,5,0,1,0,"sales","low"
"13",0.84,0.92,4,234,5,0,1,0,"sales","low"
"16",0.38,0.54,2,143,3,0,1,0,"sales","low"
"17",0.45,0.47,2,160,3,0,1,0,"sales","low"
"23",0.09,0.95,6,304,4,0,1,0,"sales","low"
"29",0.41,0.46,2,128,3,0,1,0,"accounting","low"
"33",0.4,0.51,2,145,3,0,1,0,"hr","low"
"34",0.45,0.55,2,140,3,0,1,0,"hr","low"
"37",0.38,0.46,2,137,3,0,1,0,"technical","low"
"41",0.87,0.88,5,269,5,0,1,0,"technical","low"
"45",0.09,0.89,6,276,4,0,1,0,"technical","low"
"46",0.84,0.74,3,182,4,0,1,0,"technical","low"
"47",0.4,0.55,2,147,3,0,1,0,"support","low"
"50",0.43,0.47,2,147,3,0,1,0,"support","low"
"54",0.39,0.54,2,132,3,0,1,0,"support","low"
"56",0.37,0.46,2,140,3,0,1,0,"support","low"
"57",0.11,0.94,7,255,4,0,1,0,"support","low"
"58",0.1,0.81,6,309,4,0,1,0,"technical","low"
"60",0.85,1,4,225,5,0,1,0,"technical","low"
"61",0.85,0.91,5,226,5,0,1,0,"management","medium"
"62",0.11,0.93,7,308,4,0,1,0,"IT","medium"
"65",0.11,0.94,6,286,4,0,1,0,"IT","medium"
"76",0.11,0.79,7,306,4,0,1,0,"product_mng","medium"
"78",0.4,0.54,2,137,3,0,1,0,"marketing","medium"
"86",0.11,0.87,6,305,4,0,1,0,"marketing","low"
"87",0.17,0.84,5,232,3,0,1,0,"sales","low"
"89",0.37,0.57,2,130,3,0,1,0,"sales","low"
"91",0.4,0.5,2,130,3,0,1,0,"sales","low"
"103",0.42,0.46,2,150,3,0,1,0,"sales","medium"
"104",0.09,0.94,7,267,4,0,1,0,"sales","medium"
"107",0.91,1,4,257,5,0,1,0,"accounting","medium"
"112",0.09,0.85,6,289,4,0,1,0,"hr","high"
"115",0.84,1,5,234,5,0,1,0,"technical","medium"
"116",0.37,0.48,2,137,3,0,1,0,"technical","medium"
"117",0.86,0.68,5,263,2,0,1,0,"technical","medium"
"119",0.37,0.57,2,133,3,0,1,0,"technical","low"
"123",0.75,1,4,216,6,0,1,0,"technical","low"
"124",0.11,0.84,6,300,5,1,1,0,"support","low"
"126",0.11,0.92,6,260,4,0,1,0,"support","low"
"132",0.38,0.57,2,140,3,0,1,0,"support","low"
"134",0.44,0.51,2,138,3,0,1,0,"support","low"
"138",0.42,0.48,2,129,3,0,1,0,"management","low"
"146",0.41,0.46,2,151,3,0,1,0,"product_mng","low"
"153",0.37,0.52,2,143,3,0,1,0,"marketing","low"
"155",0.39,0.48,2,160,3,0,1,0,"sales","low"
"157",0.83,1,5,240,5,0,1,0,"support","low"
"161",0.1,0.95,7,301,4,0,1,0,"marketing","low"
"162",0.9,0.98,5,243,6,0,1,0,"marketing","low"
"164",0.79,0.89,5,239,5,0,1,0,"sales","low"
"168",0.31,0.54,5,132,5,0,1,0,"sales","low"
"171",0.81,0.99,4,259,5,0,1,0,"sales","low"
"174",0.1,0.88,6,284,4,0,1,0,"sales","low"
"176",0.54,0.74,4,164,2,0,1,0,"sales","low"
"181",0.4,0.47,2,146,3,0,1,0,"sales","medium"
"183",0.89,0.99,5,257,5,0,1,0,"accounting","medium"
"184",0.11,0.8,6,285,4,0,1,0,"accounting","medium"
"186",0.4,0.46,2,127,3,0,1,0,"hr","medium"
"188",0.4,0.46,2,143,3,0,1,0,"hr","medium"
"193",0.74,0.91,4,232,5,0,1,0,"technical","medium"
"201",0.9,0.82,5,259,5,0,1,0,"support","low"
"204",0.1,0.93,6,256,4,0,1,0,"support","low"
"206",0.38,0.5,2,153,3,0,1,0,"support","low"
"211",0.43,0.46,2,156,3,0,1,0,"technical","low"
"213",0.88,1,5,219,5,0,1,0,"technical","low"
"215",0.4,0.53,2,151,3,0,1,0,"IT","low"
"222",0.37,0.5,2,135,3,0,1,0,"product_mng","low"
"226",0.9,0.97,4,258,5,0,1,0,"accounting","low"
"227",0.37,0.46,2,158,3,0,1,0,"hr","low"
"229",0.85,0.95,5,236,5,0,1,0,"hr","low"
"230",0.78,0.98,5,239,6,0,1,0,"marketing","low"
"233",0.11,0.83,6,244,4,0,1,0,"accounting","low"
"235",0.48,0.57,4,270,4,0,1,0,"technical","low"
"241",0.1,0.87,7,289,4,0,1,0,"sales","low"
"244",0.4,0.5,2,128,3,0,1,0,"sales","low"
"245",0.89,0.86,5,275,5,0,1,0,"sales","low"
"246",0.45,0.46,2,155,3,0,1,0,"sales","low"
"251",0.79,0.87,5,261,5,0,1,0,"sales","low"
"255",0.6,0.92,2,258,5,0,1,0,"sales","low"
"261",0.46,0.46,2,154,3,0,1,0,"accounting","medium"
"265",0.42,0.5,2,139,3,0,1,0,"hr","medium"
"269",0.38,0.56,2,156,3,0,1,0,"technical","low"
"271",0.44,0.51,2,127,3,0,1,0,"technical","medium"
"272",0.11,0.84,6,251,4,0,1,0,"technical","medium"
"273",0.81,0.93,5,270,5,0,1,0,"technical","medium"
"275",0.11,0.9,6,254,4,0,1,0,"technical","low"
"277",0.1,0.97,6,267,4,1,1,0,"support","low"
"282",0.27,0.56,3,301,3,0,1,0,"support","low"
"286",0.4,0.56,2,148,3,0,1,0,"support","low"
"289",0.82,0.91,5,232,5,0,1,0,"technical","low"
"293",0.41,0.49,2,146,3,0,1,0,"IT","low"
"295",0.1,0.93,6,253,4,0,1,0,"IT","medium"
"301",0.45,0.55,2,151,3,0,1,0,"IT","medium"
"304",0.37,0.55,2,127,3,0,1,0,"RandD","medium"
"305",0.89,0.87,5,255,5,0,1,0,"RandD","medium"
"309",0.41,0.48,2,145,3,0,1,0,"accounting","medium"
"313",0.4,0.54,2,139,3,0,1,0,"marketing","low"
"319",0.11,0.94,6,276,4,0,1,0,"sales","low"
"332",0.11,0.85,7,302,4,0,1,0,"sales","low"
"333",0.09,0.98,6,271,4,0,1,0,"sales","low"
"339",0.39,0.5,2,142,3,0,1,0,"hr","medium"
"340",0.1,0.91,6,246,4,0,1,0,"hr","medium"
"341",0.09,0.89,7,308,5,0,1,0,"hr","medium"
"342",0.37,0.47,2,141,3,0,1,0,"technical","medium"
"343",0.9,1,5,232,5,0,1,0,"technical","medium"
"348",0.11,0.8,6,282,4,0,1,0,"technical","medium"
"354",0.43,0.57,2,135,3,0,1,0,"support","low"
"356",0.41,0.57,2,136,3,0,1,0,"support","low"
"357",0.41,0.55,2,154,3,0,1,0,"support","low"
"369",0.82,0.86,5,243,5,0,1,0,"IT","low"
"371",0.37,0.45,2,142,3,0,1,0,"IT","low"
"378",0.44,0.56,2,158,3,0,1,0,"accounting","medium"
"389",0.45,0.5,2,157,3,0,1,0,"marketing","medium"
"390",0.42,0.57,2,154,3,1,1,0,"marketing","medium"
"391",0.78,1,4,253,5,0,1,0,"marketing","low"
"392",0.45,0.55,2,148,3,0,1,0,"sales","low"
"398",0.09,0.79,6,293,5,0,1,0,"sales","low"
"400",0.1,0.87,6,250,4,0,1,0,"sales","low"
"405",0.76,0.87,5,245,5,0,1,0,"sales","low"
"406",0.47,0.5,4,254,4,0,1,0,"sales","low"
"410",0.82,0.98,4,233,5,0,1,0,"sales","low"
"412",0.84,0.99,4,262,6,0,1,0,"accounting","medium"
"417",0.82,1,4,229,6,0,1,0,"hr","medium"
"420",0.82,0.85,4,223,5,0,1,0,"technical","medium"
"421",0.09,0.96,6,268,4,0,1,0,"technical","medium"
"425",0.45,0.46,2,130,3,0,1,0,"technical","low"
"432",0.41,0.57,2,160,3,0,1,0,"support","low"
"433",0.44,0.51,2,150,3,0,1,0,"support","low"
"436",0.41,0.47,2,135,3,0,1,0,"support","low"
"438",0.43,0.53,2,160,3,0,1,0,"support","low"
"439",0.77,0.9,4,237,5,0,1,0,"support","low"
"443",0.77,1,5,229,5,0,1,0,"management","low"
"447",0.44,0.46,2,143,3,0,1,0,"IT","low"
"452",0.85,0.98,5,248,5,0,1,0,"product_mng","medium"
"455",0.09,0.97,7,254,4,1,1,0,"RandD","medium"
"456",0.44,0.53,2,127,3,0,1,0,"RandD","medium"
"458",0.77,1,4,255,5,0,1,0,"RandD","medium"
"459",0.41,0.48,2,136,3,0,1,0,"marketing","medium"
"461",0.43,0.49,2,135,3,0,1,0,"accounting","medium"
"466",0.37,0.54,2,152,3,0,1,0,"marketing","medium"
"468",0.09,0.95,6,292,4,0,1,0,"sales","medium"
"476",0.45,0.57,2,134,3,0,1,0,"sales","low"
"480",0.11,0.96,7,277,5,0,1,0,"sales","low"
"482",0.1,0.79,6,274,4,0,1,0,"sales","low"
"483",0.77,0.87,4,242,6,0,1,0,"sales","low"
"484",0.42,0.54,2,143,3,1,1,0,"sales","low"
"485",0.38,0.52,2,145,3,0,1,0,"sales","low"
"487",0.38,0.49,2,135,3,0,1,0,"accounting","low"
"489",0.1,0.83,7,276,4,0,1,0,"accounting","low"
"490",0.76,0.88,4,206,4,0,1,0,"hr","medium"
"494",0.1,0.94,6,309,4,0,1,0,"technical","medium"
"498",0.59,0.49,7,263,4,0,1,0,"technical","medium"
"506",0.11,0.97,6,289,5,0,1,0,"support","medium"
"509",0.38,0.55,2,158,3,0,1,0,"support","low"
"517",0.1,0.89,6,247,4,0,1,0,"technical","low"
"520",0.39,0.51,2,129,3,0,1,0,"IT","low"
"521",0.87,0.94,4,274,5,0,1,0,"IT","low"
"524",0.74,0.82,4,239,6,0,1,0,"IT","low"
"530",0.39,0.57,2,145,3,0,1,0,"accounting","medium"
"532",0.37,0.54,2,131,3,1,1,0,"hr","medium"
"533",0.1,0.84,6,246,4,0,1,0,"hr","medium"
"536",0.37,0.56,2,156,3,0,1,0,"sales","medium"
"537",0.11,0.85,6,305,4,0,1,0,"accounting","medium"
"540",0.11,0.94,7,244,4,0,1,0,"management","medium"
"542",0.81,0.87,4,254,5,0,1,0,"marketing","low"
"544",0.89,0.92,5,237,5,0,1,0,"sales","medium"
"548",0.37,0.5,2,141,3,0,1,0,"sales","low"
"550",0.41,0.47,2,138,3,0,1,0,"sales","low"
"551",0.11,0.96,6,298,4,0,1,0,"sales","low"
"555",0.43,0.53,2,150,3,0,1,0,"sales","low"
"560",0.11,0.8,7,296,4,0,1,0,"sales","low"
"561",0.09,0.86,6,279,4,0,1,0,"sales","low"
"563",0.4,0.57,2,160,3,0,1,0,"accounting","low"
"565",0.41,0.53,2,157,3,0,1,0,"accounting","low"
"569",0.44,0.51,2,134,3,0,1,0,"hr","medium"
"571",0.44,0.52,2,137,3,0,1,0,"technical","medium"
"573",0.75,0.97,5,243,6,0,1,0,"technical","medium"
"574",0.36,0.47,2,148,3,0,1,0,"technical","medium"
"576",0.39,0.49,2,129,3,0,1,0,"technical","medium"
"577",0.48,0.78,2,198,2,0,1,0,"technical","medium"
"583",0.74,0.87,5,242,5,0,1,0,"support","medium"
"586",0.4,0.51,2,139,3,0,1,0,"support","low"
"589",0.87,0.9,5,258,5,0,1,0,"support","low"
"590",0.39,0.54,2,155,3,0,1,0,"support","low"
"596",0.09,0.87,5,263,4,0,1,0,"IT","low"
"605",0.11,0.79,6,292,4,0,1,0,"IT","low"
"609",0.45,0.49,2,134,3,0,1,0,"RandD","medium"
"611",0.09,0.95,7,256,4,0,1,0,"marketing","medium"
"615",0.09,0.9,7,296,4,0,1,0,"technical","medium"
"617",0.39,0.49,2,144,3,0,1,0,"marketing","medium"
"620",0.43,0.51,2,141,3,0,1,0,"sales","low"
"628",0.41,0.46,2,156,3,1,1,0,"sales","low"
"633",0.11,0.89,6,260,5,0,1,0,"sales","low"
"642",0.74,0.97,4,228,5,0,1,0,"hr","low"
"643",0.73,0.97,5,235,5,0,1,0,"hr","low"
"645",0.58,0.62,4,238,3,0,1,0,"hr","low"
"648",0.46,0.5,2,151,3,0,1,0,"technical","medium"
"651",0.39,0.45,2,134,3,0,1,0,"technical","medium"
"653",0.09,0.77,6,290,4,0,1,0,"technical","medium"
"655",0.1,0.89,7,308,4,0,1,0,"technical","medium"
"657",0.79,0.86,5,235,5,0,1,0,"support","medium"
"661",0.44,0.5,2,130,3,0,1,0,"support","medium"
"664",0.1,0.79,6,256,5,0,1,0,"support","low"
"667",0.46,0.62,6,213,3,0,1,0,"support","low"
"669",0.1,0.92,6,258,4,0,1,0,"technical","low"
"673",0.46,0.57,2,154,3,0,1,0,"IT","low"
"676",0.43,0.57,2,127,3,0,1,0,"IT","low"
"677",0.11,0.82,6,270,4,0,1,0,"product_mng","low"
"678",0.73,0.89,5,236,6,0,1,0,"product_mng","low"
"689",0.09,0.82,6,257,4,0,1,0,"accounting","medium"
"695",0.78,0.71,3,249,5,0,1,0,"marketing","medium"
"697",0.1,0.81,7,291,4,0,1,0,"sales","high"
"701",0.46,0.54,2,143,3,0,1,0,"sales","medium"
"702",0.89,0.82,4,243,5,0,1,0,"sales","medium"
"703",0.45,0.5,2,147,3,0,1,0,"sales","low"
"707",0.79,0.93,4,226,5,0,1,0,"sales","low"
"709",0.11,0.87,6,255,4,0,1,0,"sales","low"
"711",0.64,0.9,6,252,2,0,1,0,"sales","low"
"715",0.4,0.51,2,144,3,0,1,0,"accounting","low"
"717",0.43,0.47,2,131,3,0,1,0,"accounting","low"
"721",0.42,0.49,2,139,3,0,1,0,"hr","low"
"722",0.31,0.87,4,184,3,0,1,0,"technical","low"
"723",0.44,0.47,2,130,3,0,1,0,"technical","low"
"726",0.43,0.46,2,149,3,0,1,0,"technical","medium"
"728",0.43,0.57,2,160,3,0,1,0,"technical","medium"
"734",0.38,0.45,2,129,3,0,1,0,"support","medium"
"735",0.11,0.92,7,255,4,0,1,0,"support","medium"
"743",0.44,0.49,2,154,3,0,1,0,"support","low"
"747",0.36,0.5,2,132,3,0,1,0,"management","low"
"754",0.43,0.52,2,150,3,0,1,0,"product_mng","low"
"755",0.66,0.93,5,253,5,0,1,0,"product_mng","low"
"759",0.39,0.54,2,127,3,0,1,0,"sales","low"
"760",0.41,0.55,2,151,3,0,1,0,"sales","low"
"764",0.39,0.46,2,159,3,0,1,0,"sales","medium"
"769",0.1,0.84,6,293,5,0,1,0,"marketing","medium"
"777",0.1,0.97,6,254,5,0,1,0,"sales","medium"
"778",0.11,0.93,6,294,4,0,1,0,"sales","medium"
"779",0.1,0.92,7,269,4,0,1,0,"sales","medium"
"783",0.72,1,4,245,5,0,1,0,"sales","low"
"785",0.44,0.57,2,131,3,0,1,0,"sales","low"
"787",0.78,0.93,5,225,5,0,1,0,"sales","low"
"792",0.11,0.87,6,301,4,0,1,0,"accounting","low"
"795",0.11,0.79,7,295,4,0,1,0,"hr","low"
"798",0.11,0.91,5,291,4,0,1,0,"technical","low"
"799",0.11,0.93,6,253,4,1,1,0,"technical","low"
"800",0.43,0.5,2,161,3,0,1,0,"technical","low"
"806",0.36,0.62,4,237,2,0,1,0,"technical","medium"
"809",0.71,1,4,300,5,0,1,0,"support","medium"
"814",0.15,0.55,6,139,4,0,1,0,"support","high"
"817",0.84,0.97,5,251,5,0,1,0,"support","medium"
"820",0.45,0.51,2,138,3,0,1,0,"technical","low"
"830",0.38,0.53,2,138,3,0,1,0,"product_mng","low"
"833",0.39,0.48,2,161,3,0,1,0,"IT","low"
"837",0.43,0.56,2,133,3,0,1,0,"RandD","low"
"838",0.09,0.93,6,308,4,0,1,0,"RandD","low"
"841",0.36,0.56,2,138,3,0,1,0,"accounting","medium"
"845",0.39,0.47,2,152,3,0,1,0,"marketing","medium"
"846",0.44,0.51,2,146,3,0,1,0,"marketing","medium"
"847",0.1,0.84,6,253,4,0,1,0,"marketing","medium"
"849",0.1,0.81,6,301,4,1,1,0,"sales","medium"
"851",0.37,0.47,2,151,3,0,1,0,"sales","medium"
"853",0.82,0.89,5,217,5,0,1,0,"sales","high"
"855",0.79,0.9,5,263,5,0,1,0,"sales","medium"
"858",0.11,0.78,6,303,4,0,1,0,"sales","medium"
"864",0.39,0.55,2,146,3,0,1,0,"sales","low"
"866",0.82,0.85,5,218,5,0,1,0,"sales","low"
"867",0.41,0.46,2,128,3,0,1,0,"accounting","low"
"868",0.42,0.56,2,128,3,0,1,0,"accounting","low"
"874",0.78,1,5,220,5,0,1,0,"technical","low"
"890",0.11,0.79,6,281,4,0,1,0,"support","medium"
"892",0.75,0.86,5,237,5,0,1,0,"support","high"
"895",0.73,0.92,5,266,5,0,1,0,"support","medium"
"906",0.76,0.93,5,238,5,0,1,0,"product_mng","low"
"908",0.09,0.86,6,291,4,0,1,0,"product_mng","low"
"909",0.92,1,5,259,5,0,1,0,"IT","low"
"915",0.89,0.87,5,275,6,0,1,0,"marketing","low"
"917",0.11,0.82,6,304,4,1,1,0,"accounting","low"
"922",0.4,0.48,2,138,3,0,1,0,"marketing","medium"
"929",0.77,0.91,5,261,6,0,1,0,"sales","medium"
"932",0.9,0.92,5,154,4,0,1,0,"sales","low"
"934",0.1,0.96,6,254,4,1,1,0,"sales","medium"
"937",0.1,0.95,7,301,4,0,1,0,"sales","low"
"938",0.11,0.8,6,286,4,0,1,0,"sales","low"
"941",0.92,0.92,4,245,5,0,1,0,"sales","low"
"943",0.11,0.89,6,301,4,0,1,0,"accounting","low"
"945",0.11,0.85,7,272,4,0,1,0,"accounting","low"
"946",0.87,1,5,274,5,0,1,0,"hr","low"
"954",0.41,0.71,4,301,5,0,1,0,"technical","low"
"956",0.1,0.91,6,262,5,1,1,0,"technical","low"
"962",0.73,0.83,5,270,5,1,1,0,"support","medium"
"966",0.8,0.63,5,180,5,0,1,0,"support","medium"
"968",0.85,0.92,4,275,5,0,1,0,"support","medium"
"969",0.42,0.54,2,130,3,0,1,0,"support","medium"
"974",0.37,0.47,2,150,3,0,1,0,"technical","medium"
"978",0.11,0.87,5,303,4,0,1,0,"IT","low"
"981",0.45,0.45,2,140,3,0,1,0,"product_mng","low"
"985",0.75,0.86,5,260,5,0,1,0,"IT","low"
"988",0.1,0.79,6,249,4,0,1,0,"RandD","low"
"992",0.76,0.91,4,219,5,0,1,0,"sales","low"
"998",0.86,0.94,5,224,5,0,1,0,"marketing","medium"
"1003",0.42,0.5,2,141,3,0,1,0,"sales","medium"
"1008",0.36,0.52,2,137,3,1,1,0,"sales","medium"
"1011",0.43,0.53,2,152,3,0,1,0,"sales","medium"
"1015",0.44,0.53,2,156,3,0,1,0,"sales","low"
"1019",0.36,0.47,2,136,3,0,1,0,"accounting","low"
"1022",0.8,0.95,3,146,5,0,1,0,"hr","low"
"1026",0.4,0.45,2,142,3,0,1,0,"technical","low"
"1027",0.46,0.53,2,129,3,0,1,0,"technical","low"
"1030",0.1,0.82,6,272,4,0,1,0,"technical","low"
"1033",0.84,0.88,5,237,5,0,1,0,"technical","low"
"1034",0.42,0.56,2,158,3,0,1,0,"technical","low"
"1035",0.1,0.86,6,266,4,1,1,0,"technical","low"
"1036",0.1,0.95,6,256,4,0,1,0,"technical","medium"
"1039",0.89,1,4,237,5,0,1,0,"support","medium"
"1043",0.81,0.94,5,233,6,0,1,0,"support","medium"
"1044",0.77,1,4,249,6,0,1,0,"support","medium"
"1048",0.37,0.49,2,151,3,0,1,0,"technical","high"
"1050",0.74,0.89,5,232,6,0,1,0,"technical","medium"
"1051",0.79,1,4,229,5,1,1,0,"management","medium"
"1053",0.37,0.48,2,129,3,0,1,0,"IT","medium"
"1054",0.09,0.78,6,244,4,0,1,0,"IT","low"
"1057",0.45,0.56,2,143,3,0,1,0,"product_mng","low"
"1065",0.47,0.81,4,133,3,0,1,0,"RandD","low"
"1067",0.43,0.47,2,129,3,0,1,0,"marketing","low"
"1068",0.45,0.57,2,136,3,0,1,0,"sales","low"
"1072",0.9,0.95,5,275,3,0,1,0,"management","low"
"1073",0.53,0.95,6,205,4,0,1,0,"marketing","low"
"1076",0.74,0.89,4,267,5,0,1,0,"sales","medium"
"1077",0.09,0.79,6,276,4,0,1,0,"sales","medium"
"1079",0.46,0.53,2,128,3,0,1,0,"sales","medium"
"1086",0.77,1,4,272,5,0,1,0,"sales","medium"
"1087",0.9,0.86,5,254,5,0,1,0,"sales","high"
"1091",0.38,0.54,2,150,3,0,1,0,"sales","medium"
"1094",0.89,0.91,5,260,5,0,1,0,"sales","low"
"1099",0.42,0.48,2,132,3,0,1,0,"hr","low"
"1103",0.43,0.47,2,130,3,0,1,0,"technical","low"
"1105",0.11,0.89,6,254,4,0,1,0,"technical","low"
"1107",0.44,0.57,2,139,3,0,1,0,"technical","low"
"1108",0.72,0.82,5,269,5,0,1,0,"technical","low"
"1111",0.09,0.82,7,267,4,0,1,0,"technical","low"
"1112",0.44,0.46,2,149,3,0,1,0,"technical","low"
"1115",0.11,0.86,6,279,4,0,1,0,"support","medium"
"1117",0.09,0.85,6,260,4,0,1,0,"support","medium"
"1120",0.44,0.5,2,138,3,0,1,0,"support","medium"
"1121",0.11,0.91,6,278,4,0,1,0,"support","medium"
"1125",0.43,0.52,2,141,3,0,1,0,"technical","medium"
"1131",0.37,0.47,2,149,3,0,1,0,"IT","medium"
"1132",0.37,0.48,2,160,3,0,1,0,"IT","low"
"1133",0.77,0.87,4,150,4,0,1,0,"product_mng","low"
"1135",0.46,0.51,2,155,3,0,1,0,"product_mng","low"
"1136",0.11,0.87,6,291,4,0,1,0,"product_mng","low"
"1137",0.86,0.91,5,265,5,0,1,0,"IT","low"
"1141",0.82,0.83,4,245,5,1,1,0,"sales","low"
"1142",0.46,0.48,2,129,3,0,1,0,"sales","low"
"1143",0.88,1,5,226,6,0,1,0,"marketing","low"
"1144",0.1,0.91,6,286,4,0,1,0,"marketing","low"
"1146",0.37,0.49,2,153,3,0,1,0,"accounting","low"
"1148",0.83,0.95,5,258,5,0,1,0,"technical","low"
"1149",0.39,0.57,2,156,3,0,1,0,"management","low"
"1150",0.77,0.92,5,255,5,0,1,0,"marketing","low"
"1153",0.39,0.55,2,152,3,1,1,0,"sales","medium"
"1157",0.4,0.51,2,156,3,0,1,0,"sales","medium"
"1159",0.57,0.85,4,219,2,1,1,0,"sales","medium"
"1160",0.11,0.95,7,269,5,0,1,0,"sales","medium"
"1163",0.35,0.8,6,281,2,0,1,0,"sales","medium"
"1164",0.78,0.99,5,241,5,0,1,0,"sales","medium"
"1167",0.42,0.54,2,135,3,0,1,0,"sales","medium"
"1172",0.11,0.91,6,302,4,0,1,0,"accounting","low"
"1174",0.11,0.91,6,272,4,0,1,0,"accounting","low"
"1179",0.85,0.89,4,221,5,0,1,0,"technical","low"
"1186",0.43,0.49,2,135,3,0,1,0,"technical","low"
"1188",0.1,0.93,6,299,4,0,1,0,"technical","low"
"1190",0.36,0.51,2,155,3,0,1,0,"support","low"
"1193",0.44,0.51,2,129,3,0,1,0,"support","medium"
"1209",0.1,0.79,7,284,4,0,1,0,"IT","medium"
"1211",0.11,0.83,6,268,4,0,1,0,"product_mng","low"
"1212",0.09,0.77,6,244,4,0,1,0,"product_mng","low"
"1214",0.38,0.55,2,134,3,0,1,0,"IT","low"
"1215",0.09,0.87,7,278,4,0,1,0,"IT","low"
"1216",0.74,0.97,5,238,5,0,1,0,"IT","low"
"1217",0.44,0.56,2,127,3,0,1,0,"IT","low"
"1222",0.75,0.93,5,229,5,0,1,0,"sales","low"
"1224",0.75,0.89,4,228,5,0,1,0,"support","low"
"1226",0.39,0.46,2,127,3,0,1,0,"management","low"
"1227",0.4,0.48,2,142,3,0,1,0,"marketing","low"
"1228",0.39,0.54,2,131,3,0,1,0,"marketing","low"
"1232",0.11,0.98,6,250,4,0,1,0,"sales","medium"
"1233",0.09,0.88,7,265,4,0,1,0,"sales","medium"
"1236",0.4,0.49,2,140,3,0,1,0,"sales","medium"
"1242",0.43,0.53,2,148,3,0,1,0,"sales","medium"
"1243",0.1,0.85,6,297,5,0,1,0,"sales","high"
"1246",0.1,0.93,6,288,4,0,1,0,"sales","medium"
"1249",0.41,0.54,2,138,3,0,1,0,"accounting","low"
"1252",0.43,0.57,2,151,3,1,1,0,"hr","low"
"1256",0.39,0.47,2,142,3,0,1,0,"technical","low"
"1257",0.41,0.48,2,126,3,0,1,0,"technical","low"
"1260",0.45,0.48,2,138,3,0,1,0,"technical","low"
"1262",0.44,0.56,2,145,3,0,1,0,"technical","low"
"1263",0.11,0.84,6,252,4,0,1,0,"technical","low"
"1266",0.1,0.92,6,285,4,0,1,0,"technical","low"
"1267",0.45,0.53,2,149,3,0,1,0,"support","low"
"1270",0.45,0.55,2,129,3,0,1,0,"support","medium"
"1273",0.45,0.46,2,142,3,0,1,0,"support","medium"
"1276",0.1,0.83,6,283,5,0,1,0,"support","medium"
"1279",0.38,0.56,2,148,3,0,1,0,"technical","medium"
"1291",0.39,0.51,2,139,3,0,1,0,"IT","low"
"1294",0.72,1,2,240,2,0,1,0,"RandD","low"
"1296",0.38,0.5,2,139,3,0,1,0,"RandD","low"
"1300",0.89,0.89,5,262,5,0,1,0,"accounting","low"
"1301",0.1,0.97,7,284,4,0,1,0,"support","low"
"1303",0.09,0.78,7,290,4,0,1,0,"management","low"
"1306",0.62,0.77,5,227,4,0,1,0,"marketing","low"
"1309",0.09,0.94,6,266,4,0,1,0,"sales","medium"
"1310",0.56,0.75,5,236,2,0,1,0,"sales","medium"
"1316",0.11,0.81,6,260,4,0,1,0,"sales","medium"
"1322",0.62,0.89,3,131,4,0,1,0,"sales","low"
"1323",0.78,0.86,4,249,5,0,1,0,"sales","medium"
"1325",0.76,0.82,4,254,5,1,1,0,"sales","medium"
"1326",0.42,0.53,2,131,3,0,1,0,"accounting","medium"
"1329",0.1,0.96,7,301,4,0,1,0,"hr","low"
"1332",0.09,0.86,6,297,4,0,1,0,"hr","low"
"1333",0.1,0.8,6,248,4,0,1,0,"technical","low"
"1339",0.51,0.79,4,134,3,0,1,0,"technical","low"
"1347",0.73,0.95,4,223,6,0,1,0,"support","low"
"1368",0.4,0.45,2,140,3,0,1,0,"IT","low"
"1384",0.43,0.46,2,145,3,0,1,0,"sales","low"
"1385",0.11,0.91,6,279,4,0,1,0,"sales","low"
"1386",0.4,0.46,2,146,3,0,1,0,"sales","low"
"1390",0.4,0.49,2,151,3,0,1,0,"sales","medium"
"1396",0.45,0.51,2,156,3,0,1,0,"sales","medium"
"1397",0.2,0.7,6,281,5,0,1,0,"sales","medium"
"1399",0.39,0.55,2,156,3,0,1,0,"sales","high"
"1401",0.45,0.47,2,136,3,0,1,0,"sales","medium"
"1406",0.39,0.57,2,130,3,0,1,0,"hr","low"
"1407",0.15,0.62,4,257,3,0,1,0,"hr","low"
"1411",0.9,0.98,5,271,5,0,1,0,"technical","low"
"1412",0.32,0.6,2,280,4,0,1,0,"technical","low"
"1414",0.83,0.98,4,254,5,0,1,0,"technical","low"
"1422",0.86,0.93,5,241,5,1,1,0,"support","low"
"1423",0.1,0.82,6,269,4,0,1,0,"support","low"
"1424",0.39,0.49,2,146,3,0,1,0,"support","low"
"1425",0.45,0.48,2,149,3,0,1,0,"support","low"
"1426",0.1,0.94,7,287,4,0,1,0,"support","medium"
"1427",0.36,0.55,2,138,3,0,1,0,"support","medium"
"1431",0.43,0.52,2,156,3,0,1,0,"support","medium"
"1433",0.91,0.99,5,265,5,1,1,0,"technical","medium"
"1437",0.43,0.57,2,142,3,0,1,0,"IT","medium"
"1439",0.1,0.89,7,285,4,0,1,0,"IT","low"
"1444",0.11,0.88,7,305,4,0,1,0,"product_mng","low"
"1445",0.41,0.48,2,141,3,0,1,0,"IT","low"
"1446",0.73,0.87,5,252,5,0,1,0,"RandD","low"
"1450",0.41,0.5,2,149,3,0,1,0,"RandD","low"
"1451",0.78,0.78,4,260,5,0,1,0,"RandD","low"
"1454",0.63,0.83,6,242,5,0,1,0,"accounting","low"
"1455",0.55,1,6,136,3,0,1,0,"support","low"
"1460",0.39,0.54,2,133,3,0,1,0,"marketing","low"
"1461",0.78,0.45,4,128,2,0,1,0,"sales","low"
"1462",0.42,0.53,2,142,3,0,1,0,"sales","low"
"1463",0.39,0.54,2,149,3,0,1,0,"sales","low"
"1465",0.1,0.92,6,279,4,0,1,0,"sales","medium"
"1469",0.78,0.86,5,256,5,0,1,0,"sales","medium"
"1471",0.45,0.51,2,155,3,1,1,0,"sales","medium"
"1476",0.44,0.47,2,156,3,1,1,0,"sales","medium"
"1477",0.79,0.95,5,228,5,0,1,0,"sales","high"
"1483",0.09,0.77,6,310,4,0,1,0,"hr","low"
"1484",0.11,0.87,6,254,4,0,1,0,"hr","low"
"1485",0.44,0.56,2,142,3,0,1,0,"hr","low"
"1487",0.11,0.97,6,260,4,0,1,0,"technical","low"
"1495",0.17,0.75,3,188,4,0,1,0,"technical","low"
"1497",0.1,0.85,7,259,4,0,1,0,"technical","low"
"1500",0.44,0.48,2,128,3,0,1,0,"support","low"
"1508",0.43,0.48,2,149,3,0,1,0,"support","medium"
"1510",0.44,0.52,2,128,3,0,1,0,"technical","medium"
"1528",0.38,0.55,2,131,3,0,1,0,"marketing","low"
"1529",0.41,0.56,2,160,3,0,1,0,"sales","low"
"1531",0.83,0.98,4,249,5,0,1,0,"support","low"
"1532",0.36,0.57,2,144,3,0,1,0,"technical","low"
"1538",0.4,0.57,2,152,3,0,1,0,"sales","low"
"1540",0.83,0.92,4,235,5,0,1,0,"sales","low"
"1541",0.42,0.47,2,145,3,0,1,0,"sales","low"
"1546",0.1,0.78,6,310,4,0,1,0,"sales","medium"
"1550",0.88,1,4,259,5,0,1,0,"sales","medium"
"1554",0.82,0.82,5,220,6,0,1,0,"sales","medium"
"1560",0.77,0.82,4,217,5,0,1,0,"hr","medium"
"1564",0.43,0.52,2,146,3,0,1,0,"technical","low"
"1569",0.41,0.47,2,145,3,0,1,0,"technical","low"
"1573",0.39,0.48,2,154,3,0,1,0,"technical","low"
"1574",0.11,0.9,5,307,4,0,1,0,"support","low"
"1575",0.36,0.51,2,129,3,0,1,0,"support","low"
"1580",0.65,0.86,2,181,2,0,1,0,"support","low"
"1581",0.49,0.73,4,244,3,0,1,0,"support","low"
"1596",0.4,0.53,2,152,3,0,1,0,"product_mng","medium"
"1597",0.36,0.48,5,310,3,0,1,0,"product_mng","medium"
"1599",0.83,0.94,5,273,5,0,1,0,"RandD","medium"
"1600",0.41,0.51,2,144,3,0,1,0,"RandD","low"
"1604",0.44,0.51,2,145,3,0,1,0,"marketing","low"
"1606",0.43,0.54,2,153,3,0,1,0,"sales","low"
"1613",0.43,0.55,4,134,3,0,1,0,"marketing","low"
"1615",0.43,0.54,2,130,3,0,1,0,"sales","low"
"1617",0.37,0.46,2,156,3,0,1,0,"sales","low"
"1618",0.76,0.98,4,237,5,0,1,0,"sales","low"
"1628",0.38,0.57,2,146,3,0,1,0,"sales","medium"
"1636",0.43,0.47,2,137,3,0,1,0,"hr","medium"
"1638",0.09,0.91,6,275,4,0,1,0,"hr","medium"
"1642",0.41,0.56,2,154,3,0,1,0,"technical","low"
"1643",0.11,0.78,6,247,4,0,1,0,"technical","low"
"1645",0.83,1,5,224,5,0,1,0,"technical","low"
"1650",0.38,0.51,2,138,3,0,1,0,"technical","low"
"1658",0.11,0.86,6,245,4,0,1,0,"support","low"
"1659",0.81,0.97,5,230,5,0,1,0,"support","low"
"1660",0.77,0.85,5,276,5,0,1,0,"support","medium"
"1663",0.81,0.83,5,269,6,0,1,0,"technical","medium"
"1669",0.82,0.94,5,232,5,1,1,0,"IT","medium"
"1673",0.84,0.83,4,239,5,0,1,0,"product_mng","low"
"1678",0.39,0.54,2,149,3,0,1,0,"RandD","low"
"1681",0.09,0.96,7,274,5,0,1,0,"marketing","low"
"1682",0.83,0.94,4,264,5,0,1,0,"sales","low"
"1683",0.59,1,3,156,4,0,1,0,"accounting","low"
"1684",0.44,0.54,2,135,3,0,1,0,"support","low"
"1685",0.38,0.49,2,128,3,0,1,0,"technical","low"
"1686",0.76,0.98,5,242,5,0,1,0,"management","low"
"1694",0.42,0.53,2,132,3,1,1,0,"sales","low"
"1702",0.09,0.77,6,282,5,0,1,0,"sales","medium"
"1704",0.73,0.99,6,206,5,0,1,0,"sales","medium"
"1705",0.38,0.49,2,140,3,0,1,0,"sales","medium"
"1708",0.43,0.51,2,131,3,0,1,0,"sales","medium"
"1709",0.79,0.96,4,257,5,0,1,0,"accounting","medium"
"1713",0.36,0.51,2,157,3,0,1,0,"hr","medium"
"1714",0.63,0.93,5,163,3,0,1,0,"hr","medium"
"1718",0.11,0.96,6,310,4,0,1,0,"technical","low"
"1719",0.44,0.54,2,133,3,0,1,0,"technical","low"
"1721",0.91,1,4,251,6,0,1,0,"technical","low"
"1725",0.92,0.89,4,241,5,0,1,0,"technical","low"
"1727",0.45,0.51,2,137,3,0,1,0,"support","low"
"1728",0.11,0.94,6,266,4,0,1,0,"support","low"
"1730",0.86,0.95,4,270,5,0,1,0,"support","low"
"1731",0.44,0.55,2,141,3,0,1,0,"support","low"
"1736",0.38,0.46,2,160,3,0,1,0,"support","low"
"1738",0.1,0.83,6,271,4,0,1,0,"technical","medium"
"1743",0.1,0.89,6,259,5,0,1,0,"IT","medium"
"1754",0.91,1,4,245,6,0,1,0,"RandD","medium"
"1759",0.45,0.51,2,149,3,0,1,0,"accounting","low"
"1761",0.37,0.55,2,140,3,0,1,0,"technical","low"
"1763",0.41,0.71,3,205,4,0,1,0,"marketing","low"
"1765",0.36,0.54,2,127,3,0,1,0,"marketing","low"
"1766",0.9,1,4,229,5,0,1,0,"sales","low"
"1771",0.84,1,5,250,5,0,1,0,"sales","low"
"1775",0.37,0.5,2,142,3,0,1,0,"sales","low"
"1777",0.43,0.47,2,248,2,0,1,0,"sales","medium"
"1788",0.45,0.57,2,138,3,0,1,0,"hr","medium"
"1795",0.38,0.51,2,159,3,0,1,0,"technical","low"
"1800",0.38,0.5,2,145,3,0,1,0,"technical","low"
"1803",0.11,0.88,6,253,4,0,1,0,"support","low"
"1813",0.4,0.53,2,127,3,0,1,0,"support","low"
"1821",0.43,0.52,2,136,3,0,1,0,"IT","medium"
"1824",0.1,0.89,6,280,4,0,1,0,"product_mng","medium"
"1825",0.44,0.51,2,152,3,0,1,0,"product_mng","medium"
"1827",0.1,0.86,6,247,4,0,1,0,"IT","medium"
"1828",0.1,0.95,5,286,4,0,1,0,"RandD","high"
"1829",0.3,0.89,5,257,5,0,1,0,"RandD","low"
"1831",0.39,0.5,2,151,3,0,1,0,"RandD","medium"
"1835",0.09,0.9,6,295,4,0,1,0,"accounting","low"
"1836",0.54,0.83,6,165,6,0,1,0,"support","low"
"1837",0.61,0.58,2,264,4,0,1,0,"technical","low"
"1838",0.1,0.79,6,275,4,0,1,0,"management","low"
"1841",0.1,0.97,7,306,4,0,1,0,"marketing","low"
"1843",0.38,0.51,2,159,3,0,1,0,"sales","low"
"1848",0.09,0.84,6,269,4,0,1,0,"sales","low"
"1850",0.45,0.53,2,159,3,0,1,0,"sales","low"
"1852",0.46,0.53,2,147,3,0,1,0,"sales","low"
"1856",0.85,0.87,5,246,5,1,1,0,"sales","medium"
"1858",0.11,0.9,6,253,4,0,1,0,"sales","medium"
"1859",0.38,0.47,2,128,3,0,1,0,"sales","medium"
"1866",0.11,0.93,5,140,5,0,1,0,"hr","medium"
"1869",0.44,0.56,2,133,3,0,1,0,"technical","medium"
"1873",0.1,0.87,7,251,5,0,1,0,"technical","low"
"1875",0.7,0.84,6,161,4,0,1,0,"technical","low"
"1876",0.72,0.84,4,256,5,0,1,0,"technical","low"
"1882",0.4,0.48,2,142,3,0,1,0,"support","low"
"1889",0.1,0.81,6,245,4,0,1,0,"support","low"
"1892",0.37,0.49,2,138,3,0,1,0,"technical","low"
"1894",0.1,0.83,7,302,5,0,1,0,"IT","medium"
"1902",0.46,0.55,2,147,3,0,1,0,"product_mng","medium"
"1907",0.2,0.5,5,135,6,0,1,0,"RandD","low"
"1911",0.1,0.84,5,303,5,0,1,0,"accounting","medium"
"1912",0.91,0.98,4,242,6,0,1,0,"support","low"
"1915",0.39,0.68,2,282,5,0,1,0,"marketing","low"
"1916",0.39,0.54,2,154,3,0,1,0,"marketing","low"
"1926",0.73,0.97,6,189,2,0,1,0,"sales","low"
"1930",0.45,0.46,2,149,3,0,1,0,"sales","low"
"1932",0.43,0.51,2,128,3,0,1,0,"sales","low"
"1937",0.11,0.97,6,310,4,0,1,0,"accounting","medium"
"1938",0.36,0.52,2,143,3,0,1,0,"accounting","medium"
"1939",0.36,0.54,2,153,3,0,1,0,"accounting","medium"
"1940",0.1,0.79,7,310,4,0,1,0,"hr","medium"
"1941",0.4,0.47,2,136,3,0,1,0,"hr","medium"
"1946",0.73,0.93,5,162,4,0,1,0,"technical","low"
"1961",0.37,0.53,2,143,3,0,1,0,"support","low"
"1962",0.11,0.96,6,280,4,0,1,0,"support","low"
"1966",0.84,0.94,5,262,5,0,1,0,"technical","low"
"1968",0.41,0.47,2,143,3,1,1,0,"technical","low"
"1972",0.42,0.47,2,139,3,1,1,0,"IT","medium"
"1982",0.76,1,4,220,6,0,1,0,"RandD","medium"
"1983",0.11,0.79,6,247,4,0,1,0,"RandD","medium"
"1985",0.4,0.49,2,160,3,0,1,0,"marketing","low"
"1987",0.84,0.82,5,240,5,0,1,0,"accounting","medium"
"1988",0.84,0.84,5,238,5,0,1,0,"support","medium"
"1990",0.66,0.91,5,248,4,0,1,0,"management","low"
"1991",0.42,0.56,2,137,3,0,1,0,"marketing","low"
"1992",0.38,0.49,2,155,3,0,1,0,"marketing","low"
"1996",0.37,0.57,2,147,3,0,1,0,"sales","low"
"2000",0.4,0.51,2,148,3,0,1,0,"sales","low"
"2003",0.45,0.69,5,193,3,0,0,0,"sales","low"
"2008",0.99,0.91,5,136,4,0,0,0,"sales","low"
"2011",0.56,0.58,4,258,3,0,0,0,"sales","medium"
"2014",0.73,0.62,3,218,3,0,0,0,"accounting","medium"
"2019",0.89,0.92,4,165,5,0,0,0,"hr","medium"
"2023",0.75,0.7,4,144,4,0,0,0,"technical","high"
"2025",0.24,0.82,5,179,6,0,0,0,"technical","medium"
"2027",0.56,0.86,4,201,3,1,0,0,"technical","medium"
"2029",0.61,0.98,3,267,3,0,0,0,"technical","low"
"2032",0.67,0.57,2,160,4,0,0,0,"support","low"
"2034",0.75,0.56,5,175,4,0,0,0,"support","low"
"2037",0.19,0.53,6,191,4,0,0,0,"support","low"
"2038",0.61,0.41,3,138,3,0,0,0,"support","low"
"2042",0.98,0.91,4,240,3,0,0,0,"technical","low"
"2043",0.71,0.92,3,202,4,0,0,0,"technical","low"
"2046",0.52,0.59,2,176,3,1,0,0,"IT","low"
"2051",0.58,0.84,5,228,3,0,0,0,"product_mng","medium"
"2055",0.85,0.6,3,182,3,0,0,0,"IT","medium"
"2057",0.81,0.61,5,231,2,0,0,0,"RandD","medium"
"2059",0.63,0.66,4,237,2,1,0,0,"RandD","medium"
"2060",0.68,0.54,3,251,2,0,0,0,"RandD","medium"
"2063",0.72,0.94,4,240,4,0,0,0,"accounting","low"
"2065",0.86,0.91,4,147,3,0,0,0,"technical","medium"
"2069",0.62,0.74,4,213,4,0,0,0,"marketing","low"
"2070",0.53,0.81,3,226,3,1,0,0,"sales","low"
"2075",0.45,0.66,3,111,4,0,0,0,"sales","low"
"2077",0.51,0.69,3,212,3,0,0,0,"sales","low"
"2078",0.74,0.62,4,236,4,0,0,0,"sales","low"
"2079",0.69,0.57,5,245,2,1,0,0,"sales","low"
"2080",0.84,0.64,4,267,4,0,0,0,"sales","low"
"2096",0.54,0.67,4,282,6,0,0,0,"technical","medium"
"2097",0.86,1,4,256,3,0,0,0,"technical","medium"
"2102",1,0.74,3,220,4,0,0,0,"technical","low"
"2110",0.98,0.92,4,201,3,1,0,0,"support","low"
"2112",1,0.92,5,161,3,1,0,0,"support","low"
"2116",0.42,0.96,3,270,6,0,0,0,"support","low"
"2122",0.75,0.85,4,234,3,0,0,0,"IT","low"
"2125",0.72,0.5,3,257,6,0,0,0,"IT","low"
"2128",0.74,0.58,4,148,2,0,0,0,"product_mng","medium"
"2131",0.76,0.68,4,189,2,1,0,0,"IT","medium"
"2133",0.76,0.83,3,186,2,1,0,0,"RandD","medium"
"2139",0.67,0.5,4,157,2,0,0,0,"accounting","medium"
"2141",0.72,0.63,3,176,3,1,0,0,"technical","low"
"2145",0.96,0.6,4,185,3,0,0,0,"marketing","medium"
"2147",0.27,0.59,5,226,5,0,0,0,"sales","low"
"2153",0.74,0.92,5,193,3,0,0,0,"sales","low"
"2154",0.8,0.83,3,163,3,0,0,0,"sales","low"
"2157",0.81,0.86,3,231,3,0,0,0,"sales","low"
"2161",0.46,0.69,2,159,2,0,0,0,"sales","low"
"2163",0.54,0.96,4,248,3,0,0,0,"sales","low"
"2165",0.97,0.66,4,149,2,0,0,0,"accounting","low"
"2167",0.75,0.7,3,129,3,0,0,0,"accounting","medium"
"2168",0.92,0.84,4,208,2,0,0,0,"hr","medium"
"2178",0.17,0.92,4,189,2,0,0,0,"technical","medium"
"2180",0.89,0.47,4,108,3,0,0,0,"technical","low"
"2182",0.99,0.81,5,180,3,1,0,0,"technical","medium"
"2189",0.18,0.8,2,110,5,0,0,0,"support","low"
"2194",1,0.66,4,180,3,0,0,0,"technical","low"
"2196",0.98,0.58,4,136,3,0,0,0,"technical","low"
"2199",0.55,0.99,4,248,3,0,0,0,"IT","low"
"2200",0.78,0.84,3,233,3,1,0,0,"IT","low"
"2208",0.51,0.69,3,145,2,1,0,0,"RandD","medium"
"2211",0.43,0.39,5,198,5,0,0,0,"RandD","medium"
"2212",0.5,0.7,4,201,4,0,0,0,"RandD","medium"
"2213",0.91,0.89,4,197,4,0,0,0,"marketing","medium"
"2219",0.76,0.93,3,266,3,1,0,0,"marketing","low"
"2224",0.53,0.72,2,172,5,0,0,0,"sales","low"
"2233",0.56,0.62,3,154,2,0,0,0,"sales","low"
"2238",0.74,0.72,4,176,3,0,0,0,"sales","low"
"2243",0.7,0.59,4,216,3,0,0,0,"accounting","low"
"2245",0.72,0.56,4,176,2,0,0,0,"hr","medium"
"2246",0.53,0.75,6,192,6,0,0,0,"hr","medium"
"2250",0.9,0.48,4,204,3,0,0,0,"technical","medium"
"2257",0.95,0.69,3,225,2,0,0,0,"technical","high"
"2258",0.99,0.75,3,215,3,0,0,0,"technical","low"
"2259",0.99,0.57,3,176,4,1,0,0,"support","medium"
"2261",0.75,0.68,3,150,2,1,0,0,"support","medium"
"2262",0.83,0.54,4,259,5,0,0,0,"support","medium"
"2269",0.96,0.67,6,190,3,0,0,0,"support","low"
"2270",0.72,0.79,5,260,2,0,0,0,"technical","low"
"2274",0.63,0.93,4,201,3,0,0,0,"IT","low"
"2282",0.18,0.94,3,187,6,1,0,0,"product_mng","low"
"2283",0.94,0.51,3,160,2,0,0,0,"IT","low"
"2285",0.67,0.54,2,136,2,0,0,0,"RandD","medium"
"2288",0.29,0.56,5,231,6,0,0,0,"RandD","medium"
"2289",0.47,0.9,3,101,2,1,0,0,"marketing","medium"
"2290",0.4,0.69,2,174,3,0,0,0,"sales","medium"
"2292",0.96,0.99,3,148,3,0,0,0,"support","medium"
"2293",0.99,0.75,6,139,5,1,0,0,"technical","medium"
"2295",0.75,0.74,4,153,2,0,0,0,"marketing","medium"
"2297",0.52,0.53,2,163,2,0,0,0,"marketing","low"
"2305",0.51,0.53,3,201,2,0,0,0,"sales","low"
"2313",0.51,0.64,3,267,2,0,0,0,"sales","low"
"2316",0.78,0.76,5,168,4,1,0,0,"sales","low"
"2319",0.55,0.84,3,237,3,0,0,0,"accounting","low"
"2320",0.99,0.79,4,192,3,0,0,0,"hr","low"
"2321",0.92,0.68,5,236,2,0,0,0,"hr","low"
"2323",0.77,0.93,4,171,2,0,0,0,"hr","medium"
"2325",0.89,0.84,2,252,3,0,0,0,"technical","medium"
"2328",0.38,0.64,3,111,3,0,0,0,"technical","medium"
"2331",0.3,0.44,3,129,2,0,0,0,"technical","medium"
"2332",0.82,0.83,3,271,2,0,0,0,"technical","medium"
"2340",0.14,0.51,5,173,4,0,0,0,"support","medium"
"2343",0.96,0.62,5,128,5,0,0,0,"support","low"
"2344",0.82,0.97,3,115,2,1,0,0,"support","low"
"2351",0.83,0.52,3,167,2,1,0,0,"IT","low"
"2354",0.89,0.83,3,164,3,0,0,0,"IT","low"
"2355",0.79,0.74,5,172,2,0,0,0,"product_mng","low"
"2356",0.46,0.58,4,171,3,0,0,0,"product_mng","low"
"2360",0.65,0.6,5,227,3,0,0,0,"RandD","low"
"2362",0.48,0.61,2,121,2,0,0,0,"RandD","medium"
"2369",0.72,0.88,2,247,3,0,0,0,"technical","medium"
"2370",0.48,0.69,4,245,3,0,0,0,"management","medium"
"2372",0.78,0.98,5,158,2,0,0,0,"marketing","medium"
"2374",0.38,0.69,3,99,3,1,0,0,"sales","high"
"2377",0.6,0.57,2,184,3,0,0,0,"sales","medium"
"2379",0.67,0.64,4,190,2,0,0,0,"sales","medium"
"2381",0.22,0.6,3,205,6,1,0,0,"sales","low"
"2382",0.15,0.53,4,205,5,1,0,0,"sales","low"
"2386",0.9,0.67,3,179,2,0,0,0,"sales","low"
"2393",0.19,0.98,5,226,4,1,0,0,"accounting","low"
"2396",0.77,0.49,4,266,2,0,0,0,"hr","low"
"2397",0.48,0.82,3,183,2,0,0,0,"hr","low"
"2399",0.54,0.93,4,161,4,1,0,0,"hr","low"
"2407",0.84,0.75,3,187,3,1,0,0,"technical","medium"
"2413",0.67,0.5,4,173,2,1,0,0,"support","high"
"2416",0.92,0.97,4,238,5,1,0,0,"support","medium"
"2427",0.65,0.4,2,141,2,0,0,0,"IT","low"
"2428",0.81,0.92,5,259,3,0,0,0,"IT","low"
"2436",0.21,0.7,6,130,6,1,0,0,"RandD","low"
"2440",0.66,0.58,3,205,3,0,0,0,"RandD","medium"
"2441",0.8,0.75,3,181,3,0,0,0,"marketing","medium"
"2444",0.54,0.77,4,271,3,0,0,0,"support","medium"
"2445",0.91,0.56,4,158,3,0,0,0,"technical","medium"
"2448",0.48,0.9,4,201,4,0,0,0,"marketing","medium"
"2449",0.25,0.69,3,187,4,0,0,0,"marketing","medium"
"2452",0.77,0.71,4,223,3,0,0,0,"sales","high"
"2454",0.51,0.49,4,234,2,0,0,0,"sales","medium"
"2456",0.47,0.57,3,162,3,1,0,0,"sales","medium"
"2468",0.85,0.75,4,139,3,0,0,0,"sales","low"
"2470",0.76,0.74,3,224,2,0,0,0,"accounting","low"
"2472",0.53,0.69,4,216,2,0,0,0,"hr","low"
"2474",0.48,0.53,4,271,3,0,0,0,"hr","low"
"2475",0.5,0.55,4,148,3,1,0,0,"hr","low"
"2476",0.32,0.42,2,99,4,0,0,0,"technical","low"
"2477",0.58,0.77,4,196,2,1,0,0,"technical","low"
"2480",0.96,0.88,4,165,2,0,0,0,"technical","medium"
"2482",0.63,0.96,4,167,2,0,0,0,"technical","medium"
"2485",0.94,0.89,4,239,3,0,0,0,"technical","medium"
"2487",0.49,0.5,4,187,5,1,0,0,"support","medium"
"2488",0.82,0.68,2,285,2,0,0,0,"support","medium"
"2492",1,0.94,4,144,3,0,0,0,"support","low"
"2495",0.94,0.91,3,163,3,0,0,0,"support","medium"
"2496",0.76,0.84,4,236,4,0,0,0,"support","medium"
"2497",0.58,0.69,3,146,4,0,0,0,"support","low"
"2507",0.17,0.76,4,171,5,0,0,0,"product_mng","low"
"2508",0.93,0.97,3,256,2,1,0,0,"product_mng","low"
"2509",0.83,0.89,5,141,3,1,0,0,"product_mng","low"
"2512",0.5,0.78,3,228,2,0,0,0,"RandD","low"
"2523",0.99,0.97,4,208,3,0,0,0,"management","medium"
"2524",0.9,0.87,5,219,2,0,0,0,"marketing","medium"
"2527",0.62,0.49,4,218,4,0,0,0,"sales","medium"
"2529",0.24,0.6,4,195,5,0,0,0,"sales","medium"
"2533",0.75,0.87,4,193,3,0,0,0,"sales","medium"
"2539",0.79,0.76,3,160,3,0,0,0,"sales","low"
"2544",0.21,0.65,5,223,3,1,0,0,"sales","low"
"2549",0.69,0.5,3,208,4,0,0,0,"hr","low"
"2551",0.46,0.62,2,187,3,0,0,0,"hr","low"
"2552",0.72,0.62,4,256,3,0,0,0,"hr","low"
"2555",0.43,0.75,3,108,2,0,0,0,"technical","low"
"2556",0.56,0.94,3,226,2,0,0,0,"technical","low"
"2561",0.68,0.7,4,185,4,0,0,0,"technical","medium"
"2565",0.83,0.74,3,221,2,0,0,0,"support","medium"
"2569",0.21,0.9,4,271,6,0,0,0,"support","high"
"2571",0.8,0.96,3,257,5,0,0,0,"support","medium"
"2574",0.67,0.71,3,190,3,1,0,0,"support","medium"
"2579",0.53,0.88,3,157,3,0,0,0,"IT","low"
"2580",0.76,0.51,4,281,3,0,0,0,"IT","low"
"2582",0.63,0.96,5,152,3,0,0,0,"IT","low"
"2583",0.58,0.86,5,271,3,0,0,0,"IT","low"
"2584",0.58,0.83,4,163,3,1,0,0,"product_mng","low"
"2585",0.9,0.82,4,136,3,0,0,0,"product_mng","low"
"2590",0.82,0.59,5,201,3,0,0,0,"RandD","low"
"2592",0.21,0.61,3,173,2,0,0,0,"RandD","low"
"2593",0.81,0.5,4,152,3,1,0,0,"RandD","low"
"2598",0.56,0.92,4,172,2,0,0,0,"support","medium"
"2600",0.48,0.89,5,179,3,0,0,0,"management","medium"
"2602",0.76,0.8,5,229,2,0,0,0,"marketing","medium"
"2604",0.99,0.78,4,140,3,0,0,0,"sales","medium"
"2605",0.85,0.78,4,251,3,0,0,0,"sales","medium"
"2606",0.63,0.95,4,137,3,0,0,0,"sales","medium"
"2611",0.78,0.5,4,212,2,0,0,0,"sales","medium"
"2614",0.7,0.9,3,225,2,0,0,0,"sales","low"
"2616",0.72,0.62,3,270,4,0,0,0,"sales","low"
"2617",0.88,0.51,4,139,3,0,0,0,"sales","low"
"2619",0.6,0.85,3,172,2,0,0,0,"sales","low"
"2620",0.88,0.86,4,224,3,1,0,0,"sales","low"
"2623",0.84,0.51,2,117,4,0,0,0,"accounting","low"
"2632",0.31,0.49,4,165,3,1,0,0,"technical","low"
"2634",0.78,0.59,3,212,2,0,0,0,"technical","low"
"2635",0.44,0.42,4,159,4,0,0,0,"technical","medium"
"2636",0.64,0.93,4,233,2,1,0,0,"technical","medium"
"2637",0.81,0.63,4,108,6,0,0,0,"technical","medium"
"2640",0.77,0.75,4,223,3,0,0,0,"technical","medium"
"2643",0.85,0.91,4,145,3,0,0,0,"support","medium"
"2645",0.68,0.51,3,259,3,0,0,0,"support","medium"
"2647",0.78,0.89,3,253,3,0,0,0,"support","high"
"2651",0.4,0.72,3,139,2,0,0,0,"support","medium"
"2655",0.71,0.48,5,114,3,0,0,0,"management","low"
"2656",0.58,0.97,5,202,2,0,0,0,"IT","low"
"2658",0.55,0.76,4,233,4,0,0,0,"IT","low"
"2660",0.7,0.82,3,178,3,0,0,0,"IT","low"
"2661",0.66,0.46,4,204,4,0,0,0,"product_mng","low"
"2662",0.96,0.72,3,272,3,0,0,0,"product_mng","low"
"2665",0.85,0.9,5,202,3,0,0,0,"IT","low"
"2666",0.96,0.84,3,264,3,0,0,0,"RandD","low"
"2668",0.53,0.87,3,151,2,0,0,0,"RandD","low"
"2671",0.75,0.73,4,274,2,0,0,0,"RandD","low"
"2678",0.76,0.59,3,191,4,0,0,0,"marketing","medium"
"2688",0.49,0.74,2,263,3,1,0,0,"sales","medium"
"2689",0.83,0.55,5,261,5,0,0,0,"sales","medium"
"2697",0.5,0.55,3,176,3,0,0,0,"sales","low"
"2700",0.3,0.86,3,276,5,1,0,0,"accounting","low"
"2705",0.63,0.5,5,246,2,0,0,0,"hr","low"
"2710",0.67,0.73,3,203,2,0,0,0,"technical","low"
"2712",0.83,0.96,3,179,2,0,0,0,"technical","low"
"2714",0.83,0.7,5,154,3,0,0,0,"technical","medium"
"2718",0.74,0.69,3,230,2,0,0,0,"support","medium"
"2720",0.61,0.77,4,142,3,0,0,0,"support","medium"
"2725",0.68,0.48,4,251,4,0,0,0,"support","high"
"2728",0.15,0.56,6,140,5,0,0,0,"support","medium"
"2730",0.72,0.66,4,202,4,0,0,0,"technical","medium"
"2740",0.56,0.81,3,145,2,0,0,0,"product_mng","low"
"2743",0.34,0.87,6,175,4,0,0,0,"RandD","low"
"2752",0.78,0.87,3,191,3,1,0,0,"support","medium"
"2753",0.82,0.55,3,217,4,1,0,0,"technical","medium"
"2754",0.54,0.96,3,201,3,0,0,0,"management","medium"
"2756",0.47,0.55,4,122,5,1,0,0,"marketing","medium"
"2761",0.54,0.49,4,152,3,1,0,0,"sales","medium"
"2768",0.4,0.47,5,108,3,0,0,0,"sales","medium"
"2770",0.76,0.4,2,122,5,0,0,0,"sales","low"
"2772",0.98,0.63,3,285,6,0,0,0,"sales","low"
"2780",0.51,0.81,3,143,2,0,0,0,"hr","low"
"2782",0.54,0.71,5,173,2,0,0,0,"hr","low"
"2783",0.72,0.84,4,186,3,0,0,0,"hr","low"
"2785",0.17,0.93,3,218,4,0,0,0,"technical","low"
"2786",0.71,0.88,3,140,2,0,0,0,"technical","low"
"2787",0.88,0.52,4,166,2,0,0,0,"technical","low"
"2791",0.59,0.47,3,143,2,0,0,0,"technical","medium"
"2793",0.96,0.92,4,148,3,0,0,0,"technical","medium"
"2795",0.13,0.89,4,249,6,1,0,0,"support","medium"
"2798",0.57,0.72,3,202,3,1,0,0,"support","medium"
"2801",0.94,0.75,5,238,2,0,0,0,"support","medium"
"2803",0.8,0.85,5,242,3,0,0,0,"support","high"
"2810",0.5,0.91,3,212,2,0,0,0,"IT","low"
"2812",0.87,0.91,5,268,3,0,0,0,"IT","low"
"2813",0.37,0.43,2,155,2,0,0,0,"IT","low"
"2822",0.22,0.52,5,147,5,1,0,0,"RandD","low"
"2823",0.82,0.99,5,252,3,1,0,0,"RandD","low"
"2827",0.62,0.9,4,155,4,0,0,0,"sales","low"
"2835",0.66,0.63,6,223,6,0,0,0,"sales","medium"
"2837",0.54,0.64,3,250,3,0,0,0,"sales","medium"
"2838",0.72,0.68,5,266,4,0,0,0,"sales","medium"
"2839",0.75,0.64,4,247,3,1,0,0,"sales","medium"
"2840",0.77,0.57,3,189,2,0,0,0,"sales","medium"
"2850",0.65,0.72,3,134,3,0,0,0,"sales","low"
"2851",0.91,0.85,4,203,2,0,0,0,"sales","low"
"2855",0.74,0.5,5,131,3,0,0,0,"accounting","low"
"2862",0.91,0.89,4,144,3,1,0,0,"technical","low"
"2865",0.64,0.66,3,218,3,0,0,0,"technical","low"
"2866",0.58,0.76,5,260,2,1,0,0,"technical","low"
"2868",0.44,0.68,3,140,3,0,0,0,"technical","low"
"2869",0.59,0.75,2,156,3,0,0,0,"technical","medium"
"2872",0.77,0.49,4,217,2,0,0,0,"support","medium"
"2874",0.77,0.93,5,182,4,0,0,0,"support","medium"
"2877",0.66,0.65,5,161,3,0,0,0,"support","medium"
"2878",0.51,0.65,4,269,3,0,0,0,"support","medium"
"2881",0.65,0.84,3,154,3,0,0,0,"support","high"
"2882",0.2,0.77,6,213,4,0,0,0,"support","low"
"2891",0.73,0.69,4,161,3,0,0,0,"IT","low"
"2892",0.29,0.58,5,234,2,0,0,0,"product_mng","low"
"2900",0.97,0.61,3,165,2,0,0,0,"RandD","low"
"2905",0.69,0.53,3,142,3,0,0,0,"support","low"
"2906",0.69,0.9,2,155,2,0,0,0,"technical","low"
"2908",0.32,0.8,3,263,3,0,0,0,"marketing","medium"
"2910",0.77,0.61,4,223,3,0,0,0,"marketing","medium"
"2920",0.5,0.79,3,186,3,0,0,0,"sales","high"
"2923",0.72,0.51,4,164,3,0,0,0,"sales","medium"
"2938",0.91,0.7,4,196,2,0,0,0,"technical","low"
"2940",0.54,0.64,2,219,3,0,0,0,"technical","low"
"2944",0.68,0.51,4,224,2,0,0,0,"technical","low"
"2948",0.8,0.58,4,172,3,0,0,0,"support","medium"
"2951",0.5,0.73,4,237,2,0,0,0,"support","medium"
"2954",0.67,0.7,5,159,3,1,0,0,"support","medium"
"2955",0.98,0.96,5,139,3,0,0,0,"support","medium"
"2960",0.55,0.82,2,197,4,0,0,0,"technical","low"
"2962",0.78,0.51,4,278,3,0,0,0,"management","medium"
"2963",0.99,0.84,5,138,2,0,0,0,"IT","medium"
"2966",0.81,0.67,4,216,3,0,0,0,"IT","low"
"2973",0.22,0.8,4,287,4,0,0,0,"RandD","low"
"2975",0.21,0.76,5,239,2,0,0,0,"RandD","low"
"2981",0.75,0.58,4,270,3,0,0,0,"accounting","low"
"2982",0.93,0.48,3,147,3,0,0,0,"support","low"
"2984",0.51,0.53,3,156,3,0,0,0,"management","low"
"2985",0.98,0.5,4,207,3,0,0,0,"marketing","low"
"2992",0.9,0.77,3,156,3,0,0,0,"sales","medium"
"2996",0.5,0.59,4,192,2,0,0,0,"sales","medium"
"2997",0.88,0.68,4,274,4,0,0,0,"sales","medium"
"2998",0.72,0.47,5,168,6,0,0,0,"sales","high"
"3002",0.66,0.75,5,227,3,1,0,0,"sales","medium"
"3005",0.42,0.89,6,188,5,1,0,0,"sales","low"
"3008",0.95,0.79,4,174,3,0,0,0,"accounting","low"
"3013",0.73,0.93,5,167,3,0,0,0,"hr","low"
"3016",0.91,0.76,3,116,5,0,0,0,"technical","low"
"3018",0.98,0.78,4,155,3,1,0,0,"technical","low"
"3026",0.52,0.64,5,258,2,0,0,0,"support","medium"
"3027",0.74,0.86,3,221,2,0,0,0,"support","medium"
"3032",0.98,0.8,4,134,2,1,0,0,"support","medium"
"3034",0.49,0.95,4,181,3,0,0,0,"support","medium"
"3037",0.71,0.77,3,145,3,0,0,0,"technical","high"
"3038",0.6,0.64,5,221,2,0,0,0,"technical","low"
"3043",0.91,0.55,4,179,4,0,0,0,"IT","low"
"3048",0.48,0.59,5,235,3,0,0,0,"product_mng","low"
"3049",0.82,0.82,5,285,2,1,0,0,"IT","low"
"3050",0.83,0.79,4,143,3,0,0,0,"RandD","low"
"3051",0.85,0.82,6,141,5,0,0,0,"RandD","low"
"3057",0.48,0.54,2,144,3,0,0,0,"accounting","low"
"3061",0.9,0.53,3,215,3,0,0,0,"marketing","low"
"3063",0.76,0.9,5,142,3,0,0,0,"marketing","low"
"3064",0.72,0.53,5,240,2,0,0,0,"sales","medium"
"3069",0.7,0.97,4,244,3,0,0,0,"sales","medium"
"3071",0.72,0.65,5,151,3,0,0,0,"sales","medium"
"3072",0.49,0.69,2,188,4,0,0,0,"sales","medium"
"3073",0.15,0.85,3,199,2,0,0,0,"sales","medium"
"3084",0.46,0.49,3,213,3,0,0,0,"accounting","low"
"3091",0.49,0.61,5,133,3,0,0,0,"technical","low"
"3092",0.49,0.58,3,136,4,1,0,0,"technical","low"
"3097",0.71,0.66,3,238,2,0,0,0,"technical","low"
"3098",0.73,0.71,3,210,3,0,0,0,"technical","low"
"3099",0.44,0.4,3,120,6,0,0,0,"technical","low"
"3107",0.45,0.39,2,167,3,0,0,0,"support","medium"
"3110",0.67,0.56,3,237,4,0,0,0,"support","medium"
"3112",0.87,0.71,5,145,4,0,0,0,"technical","medium"
"3115",0.3,0.64,2,137,3,0,0,0,"management","high"
"3116",0.21,0.52,5,130,2,0,0,0,"IT","low"
"3123",0.84,0.68,3,231,3,0,0,0,"product_mng","low"
"3125",0.48,0.37,3,181,2,0,0,0,"IT","low"
"3127",0.49,0.71,3,196,3,0,0,0,"RandD","low"
"3129",0.12,0.93,6,257,6,1,0,0,"RandD","low"
"3131",0.17,0.59,5,250,5,0,0,0,"marketing","low"
"3132",0.58,0.66,3,250,5,0,0,0,"sales","low"
"3135",0.93,0.95,6,147,3,0,0,0,"technical","low"
"3140",0.55,0.92,3,198,3,0,0,0,"sales","low"
"3143",0.81,0.8,4,229,2,0,0,0,"sales","medium"
"3144",0.81,0.69,5,134,2,0,0,0,"sales","medium"
"3150",0.73,0.48,4,139,5,0,0,0,"sales","medium"
"3152",0.79,0.91,4,200,3,0,0,0,"sales","medium"
"3154",0.21,0.44,4,163,6,0,0,0,"sales","high"
"3155",0.87,0.52,3,158,2,1,0,0,"sales","low"
"3159",0.63,0.64,3,174,2,0,0,0,"accounting","medium"
"3165",0.15,0.93,4,185,5,0,0,0,"hr","low"
"3168",0.86,0.55,5,219,2,0,0,0,"technical","medium"
"3169",0.71,0.62,3,258,2,0,0,0,"technical","medium"
"3176",0.75,0.96,3,252,3,0,0,0,"technical","medium"
"3180",0.59,0.91,4,142,3,1,0,0,"support","medium"
"3184",0.9,0.45,4,241,6,0,0,0,"support","medium"
"3190",0.97,0.85,4,219,3,0,0,0,"technical","medium"
"3193",0.49,0.76,5,237,3,0,0,0,"IT","high"
"3196",0.89,0.81,4,228,4,0,0,0,"IT","high"
"3198",0.94,0.77,5,210,3,0,0,0,"product_mng","high"
"3200",0.18,0.52,5,185,6,0,0,0,"product_mng","high"
"3207",0.4,0.38,3,280,2,0,0,0,"marketing","low"
"3217",0.87,0.75,4,218,2,0,0,0,"sales","low"
"3218",0.52,0.96,5,251,2,1,0,0,"sales","low"
"3223",0.74,0.74,4,233,2,0,0,0,"sales","medium"
"3226",0.84,0.75,3,184,3,0,0,0,"sales","medium"
"3227",0.6,0.62,3,135,2,0,0,0,"sales","medium"
"3229",0.13,0.8,5,203,5,0,0,0,"sales","medium"
"3232",0.97,0.97,5,171,2,0,0,0,"sales","high"
"3235",0.84,0.79,6,140,2,0,0,0,"accounting","high"
"3245",0.49,0.98,3,267,2,0,0,0,"technical","low"
"3254",0.95,0.78,4,225,2,0,0,0,"support","medium"
"3258",0.7,0.67,4,224,3,0,0,0,"support","medium"
"3259",0.48,0.61,3,223,3,1,0,0,"support","medium"
"3260",0.62,0.58,3,202,2,0,0,0,"support","medium"
"3261",0.58,0.76,3,220,3,0,0,0,"support","medium"
"3267",0.71,0.59,4,138,3,0,0,0,"management","medium"
"3270",0.66,0.93,5,185,3,0,0,0,"IT","medium"
"3277",0.93,0.65,4,212,4,0,0,0,"IT","medium"
"3279",0.78,0.98,4,239,3,0,0,0,"RandD","medium"
"3285",0.85,0.53,4,181,2,0,0,0,"accounting","low"
"3290",0.96,0.67,5,170,3,0,0,0,"marketing","high"
"3292",0.21,0.57,5,239,3,0,0,0,"sales","high"
"3296",0.74,0.86,3,186,3,1,0,0,"sales","high"
"3301",0.73,0.68,5,190,2,0,0,0,"sales","medium"
"3302",0.49,0.69,2,147,2,0,0,0,"sales","medium"
"3307",0.63,0.64,4,212,4,0,0,0,"sales","medium"
"3311",0.74,0.46,6,145,3,0,0,0,"accounting","low"
"3315",0.71,0.77,4,142,2,0,0,0,"hr","medium"
"3316",0.5,0.9,4,171,2,0,0,0,"hr","low"
"3323",1,0.88,4,191,4,0,0,0,"technical","low"
"3325",0.86,0.82,2,207,4,1,0,0,"technical","low"
"3329",0.79,0.59,3,145,2,0,0,0,"support","low"
"3333",0.72,0.68,4,238,3,0,0,0,"support","low"
"3337",0.8,0.41,6,185,4,0,0,0,"support","medium"
"3338",0.55,0.55,3,197,3,0,0,0,"support","high"
"3340",0.88,0.98,3,263,3,1,0,0,"technical","high"
"3341",0.86,0.49,4,251,2,0,0,0,"technical","medium"
"3343",0.82,0.58,4,183,3,0,0,0,"management","medium"
"3344",0.66,0.8,4,252,3,0,0,0,"IT","medium"
"3351",0.88,0.8,3,133,3,0,0,0,"product_mng","medium"
"3357",0.6,0.6,3,221,2,0,0,0,"RandD","medium"
"3359",0.91,0.57,4,145,3,0,0,0,"marketing","medium"
"3360",0.78,0.96,4,111,2,0,0,0,"sales","high"
"3369",0.83,0.82,5,273,4,0,0,0,"sales","low"
"3376",0.91,0.85,3,244,3,1,0,0,"sales","medium"
"3378",0.13,0.67,5,234,6,0,0,0,"sales","medium"
"3380",0.82,0.54,4,191,3,0,0,0,"sales","medium"
"3389",1,0.66,4,238,4,0,0,0,"accounting","low"
"3394",0.71,0.53,3,186,2,0,0,0,"technical","low"
"3396",0.34,0.62,3,119,2,0,0,0,"technical","low"
"3397",0.58,0.91,3,223,2,0,0,0,"technical","low"
"3401",0.98,0.6,2,249,3,0,0,0,"technical","low"
"3405",0.74,0.91,2,264,3,0,0,0,"support","low"
"3409",0.56,0.75,4,249,3,0,0,0,"support","low"
"3416",0.63,0.61,3,234,3,1,0,0,"technical","medium"
"3417",0.84,0.97,6,223,2,0,0,0,"technical","medium"
"3420",0.79,0.56,6,205,4,1,0,0,"IT","medium"
"3421",0.59,0.55,4,235,2,0,0,0,"IT","medium"
"3422",0.5,0.53,4,263,3,0,0,0,"IT","medium"
"3434",0.88,0.88,3,214,2,1,0,0,"RandD","low"
"3435",0.62,0.67,2,153,3,0,0,0,"marketing","low"
"3439",0.74,0.7,4,167,3,1,0,0,"technical","low"
"3444",0.72,0.73,5,134,2,0,0,0,"sales","low"
"3445",0.96,0.75,5,176,4,0,0,0,"sales","low"
"3453",0.77,0.8,3,207,3,0,0,0,"sales","low"
"3455",0.89,0.86,3,178,4,0,0,0,"sales","medium"
"3457",0.24,0.87,5,268,5,0,0,0,"sales","medium"
"3460",0.63,0.62,5,212,6,0,0,0,"sales","medium"
"3461",0.63,0.59,3,155,3,1,0,0,"sales","medium"
"3466",0.59,0.83,4,239,4,0,0,0,"hr","high"
"3470",0.9,0.79,4,236,3,1,0,0,"technical","medium"
"3478",0.71,0.75,4,272,4,0,0,0,"technical","low"
"3482",0.66,0.6,3,179,4,0,0,0,"support","low"
"3487",0.85,0.67,4,228,4,0,0,0,"support","low"
"3488",0.14,0.46,2,267,6,1,0,0,"support","low"
"3492",0.83,0.99,4,226,2,0,0,0,"technical","low"
"3498",0.74,0.97,2,135,4,0,0,0,"IT","medium"
"3507",0.21,0.42,4,269,4,1,0,0,"RandD","medium"
"3515",0.52,0.82,3,192,3,0,0,0,"technical","low"
"3516",0.13,0.87,3,185,4,1,0,0,"management","low"
"3518",0.53,0.98,2,163,3,0,0,0,"marketing","low"
"3519",0.15,0.76,5,277,4,0,0,0,"marketing","low"
"3521",0.52,0.44,3,119,2,0,0,0,"sales","low"
"3523",0.74,0.89,3,160,2,0,0,0,"sales","low"
"3529",0.48,0.74,2,157,2,1,0,0,"sales","medium"
"3535",0.59,0.66,3,186,3,0,0,0,"sales","medium"
"3541",0.87,0.62,3,176,3,0,0,0,"accounting","high"
"3542",0.79,0.91,3,226,2,0,0,0,"hr","low"
"3553",0.57,0.99,3,205,3,0,0,0,"technical","low"
"3556",0.72,0.72,5,194,4,0,0,0,"technical","low"
"3557",0.75,0.66,4,202,2,0,0,0,"support","low"
"3561",0.16,0.88,6,218,3,0,0,0,"support","low"
"3580",0.71,0.36,4,278,4,1,0,0,"product_mng","high"
"3581",0.61,0.63,3,250,4,0,0,0,"IT","low"
"3582",0.52,0.89,5,193,4,0,0,0,"RandD","medium"
"3589",0.72,0.76,4,144,3,1,0,0,"accounting","low"
"3597",0.48,0.5,4,173,3,0,0,0,"sales","low"
"3598",0.62,0.42,2,124,2,0,0,0,"sales","low"
"3601",0.68,0.41,3,106,6,0,0,0,"sales","low"
"3605",0.7,0.64,3,180,2,0,0,0,"sales","low"
"3607",0.58,0.62,3,169,2,0,0,0,"sales","medium"
"3613",0.71,0.63,5,224,3,1,0,0,"sales","medium"
"3614",0.6,0.95,3,266,3,0,0,0,"sales","medium"
"3615",0.91,0.68,3,218,3,1,0,0,"accounting","medium"
"3616",0.75,1,3,102,3,0,0,0,"accounting","medium"
"3619",0.73,0.83,4,270,2,0,0,0,"hr","high"
"3625",0.65,0.66,5,239,4,0,0,0,"technical","low"
"3626",0.59,0.9,3,245,3,1,0,0,"technical","low"
"3628",0.18,0.7,5,182,4,0,0,0,"technical","low"
"3629",0.21,0.93,4,243,4,0,0,0,"technical","low"
"3630",0.15,0.67,6,209,5,0,0,0,"technical","low"
"3632",0.39,0.48,3,190,2,0,0,0,"technical","low"
"3633",0.35,0.66,2,140,2,0,0,0,"support","medium"
"3645",0.73,0.96,2,151,3,0,0,0,"technical","medium"
"3650",0.64,0.72,5,158,3,0,0,0,"IT","medium"
"3655",0.69,0.53,4,281,4,0,0,0,"product_mng","medium"
"3658",0.78,0.91,3,238,2,0,0,0,"RandD","high"
"3664",0.24,0.7,5,172,4,0,0,0,"sales","high"
"3666",0.91,0.53,3,147,4,1,0,0,"support","high"
"3669",0.64,0.64,3,263,3,0,0,0,"marketing","high"
"3676",0.64,0.67,3,165,3,0,0,0,"sales","low"
"3681",0.97,0.75,2,271,6,0,0,0,"sales","low"
"3685",0.76,0.56,4,214,2,1,0,0,"sales","medium"
"3688",0.85,0.79,3,156,3,0,0,0,"sales","medium"
"3691",0.77,0.76,3,201,4,0,0,0,"accounting","medium"
"3693",0.97,0.5,3,173,2,0,0,0,"accounting","medium"
"3694",0.59,0.61,4,141,2,1,0,0,"hr","medium"
"3695",0.93,0.62,3,231,6,0,0,0,"hr","medium"
"3696",0.85,0.54,4,174,2,0,0,0,"hr","medium"
"3697",0.7,0.57,4,211,3,0,0,0,"hr","high"
"3700",0.96,0.75,4,165,3,0,0,0,"technical","high"
"3702",0.61,0.59,3,237,2,0,0,0,"technical","high"
"3706",0.7,0.91,4,181,2,1,0,0,"technical","low"
"3707",0.65,0.55,4,250,2,0,0,0,"technical","low"
"3709",0.75,0.73,3,225,4,0,0,0,"support","low"
"3710",0.69,0.78,5,267,2,1,0,0,"support","low"
"3711",0.34,0.46,2,169,2,1,0,0,"support","low"
"3713",0.94,0.95,4,155,3,0,0,0,"support","medium"
"3715",0.72,0.66,3,160,3,0,0,0,"support","medium"
"3719",0.82,0.58,4,136,3,0,0,0,"support","medium"
"3722",0.91,0.65,5,174,2,0,0,0,"technical","medium"
"3723",0.72,0.91,3,239,2,0,0,0,"management","medium"
"3727",0.63,0.85,3,232,4,0,0,0,"IT","medium"
"3731",0.79,0.78,3,101,2,1,0,0,"product_mng","medium"
"3732",0.95,0.49,4,229,3,0,0,0,"product_mng","medium"
"3733",0.29,0.43,3,162,4,0,0,0,"IT","medium"
"3735",0.21,0.56,6,277,5,0,0,0,"RandD","medium"
"3742",0.66,0.4,2,155,5,1,0,0,"support","medium"
"3744",0.69,0.94,4,235,3,0,0,0,"management","medium"
"3746",0.52,0.56,4,225,2,0,0,0,"marketing","medium"
"3749",0.8,0.58,5,127,3,0,0,0,"sales","low"
"3753",0.54,0.48,3,152,2,0,0,0,"sales","low"
"3755",0.19,0.99,3,154,2,0,0,0,"sales","high"
"3756",0.95,0.71,3,223,2,0,0,0,"sales","low"
"3757",0.96,0.81,4,211,3,0,0,0,"sales","high"
"3758",0.63,0.89,4,192,2,0,0,0,"sales","high"
"3759",0.81,0.8,4,227,2,1,0,0,"sales","low"
"3765",0.8,0.68,4,157,3,0,0,0,"sales","medium"
"3767",0.44,0.74,5,253,2,0,0,0,"accounting","medium"
"3771",0.66,0.69,4,198,3,1,0,0,"hr","medium"
"3773",0.6,0.81,2,214,3,0,0,0,"hr","high"
"3777",0.53,0.68,4,214,3,0,0,0,"technical","medium"
"3778",0.9,0.94,4,231,3,0,0,0,"technical","medium"
"3782",0.63,0.79,4,228,4,0,0,0,"technical","low"
"3786",0.79,0.97,5,187,3,0,0,0,"support","low"
"3787",0.37,0.71,3,117,3,0,0,0,"support","low"
"3788",0.85,0.9,3,184,3,1,0,0,"support","low"
"3789",0.76,0.56,3,216,3,0,0,0,"support","low"
"3790",0.99,0.62,4,140,2,1,0,0,"support","low"
"3793",0.68,1,5,203,2,0,0,0,"support","low"
"3797",0.48,0.65,3,199,2,0,0,0,"technical","low"
"3800",0.8,0.67,3,164,3,0,0,0,"IT","high"
"3803",0.95,0.87,3,208,2,0,0,0,"IT","high"
"3804",0.69,0.93,3,233,3,0,0,0,"IT","medium"
"3806",0.68,0.59,3,141,3,0,0,0,"product_mng","medium"
"3808",0.65,0.37,5,128,3,1,0,0,"product_mng","medium"
"3810",0.49,0.48,4,247,3,0,0,0,"RandD","medium"
"3812",0.95,0.61,3,164,3,0,0,0,"RandD","medium"
"3816",0.74,0.98,5,200,3,0,0,0,"sales","medium"
"3817",0.7,0.87,5,177,2,0,0,0,"accounting","medium"
"3820",0.62,0.63,3,230,2,0,0,0,"management","medium"
"3824",0.37,0.88,4,155,3,0,0,0,"sales","medium"
"3826",0.9,0.51,4,214,2,0,0,0,"sales","low"
"3843",0.44,0.81,3,248,2,0,0,0,"accounting","medium"
"3846",0.64,0.9,4,211,3,0,0,0,"hr","medium"
"3848",0.96,0.61,3,271,2,0,0,0,"hr","medium"
"3852",0.26,0.9,4,266,5,0,0,0,"technical","medium"
"3853",0.84,0.73,3,146,5,1,0,0,"technical","high"
"3857",0.62,0.69,4,165,4,1,0,0,"technical","medium"
"3860",0.53,0.5,6,264,6,0,0,0,"technical","low"
"3864",0.57,0.96,4,264,2,0,0,0,"support","low"
"3873",0.83,0.48,3,242,4,0,0,0,"technical","low"
"3874",0.22,0.64,3,193,2,0,0,0,"technical","low"
"3879",0.23,0.84,5,140,4,0,0,0,"IT","low"
"3884",0.49,0.61,3,181,3,0,0,0,"product_mng","medium"
"3885",0.55,0.49,3,191,3,0,0,0,"IT","medium"
"3886",0.92,0.69,4,149,6,1,0,0,"RandD","medium"
"3890",0.76,0.52,3,248,3,0,0,0,"RandD","medium"
"3891",0.42,0.56,2,103,3,1,0,0,"marketing","medium"
"3892",0.58,0.65,4,248,4,0,0,0,"marketing","high"
"3895",0.58,1,4,258,3,0,0,0,"support","medium"
"3896",0.84,0.76,5,172,5,1,0,0,"technical","medium"
"3901",0.85,0.55,3,137,3,1,0,0,"sales","low"
"3922",0.26,0.45,2,157,3,0,0,0,"accounting","medium"
"3924",0.98,0.66,3,154,2,0,0,0,"hr","medium"
"3925",0.86,0.83,5,208,2,1,0,0,"hr","medium"
"3927",0.58,0.63,4,159,3,0,0,0,"technical","medium"
"3928",0.63,0.97,4,234,2,0,0,0,"technical","medium"
"3929",0.7,0.91,5,139,3,1,0,0,"technical","medium"
"3930",0.73,0.62,4,210,4,0,0,0,"technical","medium"
"3932",0.17,0.61,3,241,5,1,0,0,"technical","low"
"3939",0.67,0.94,4,141,2,1,0,0,"support","low"
"3953",0.69,0.81,3,214,2,0,0,0,"IT","low"
"3956",0.87,0.6,2,122,2,0,0,0,"IT","low"
"3958",0.54,0.91,3,151,3,0,0,0,"product_mng","medium"
"3961",0.5,0.55,3,188,2,0,0,0,"product_mng","medium"
"3968",0.18,0.79,4,217,4,0,0,0,"RandD","medium"
"3975",0.99,0.61,3,254,3,0,0,0,"marketing","medium"
"3976",0.22,0.49,4,218,4,0,0,0,"marketing","low"
"3979",0.78,0.95,4,184,3,0,0,0,"sales","low"
"3980",0.15,0.74,2,176,3,1,0,0,"sales","low"
"3982",0.7,0.78,4,254,4,0,0,0,"sales","low"
"3984",0.59,0.57,5,257,2,0,0,0,"sales","low"
"3987",0.42,0.75,3,163,2,1,0,0,"sales","low"
"3989",0.72,0.51,3,146,2,1,0,0,"sales","low"
"3990",0.83,0.81,3,242,6,0,0,0,"sales","low"
"3991",0.89,0.93,4,249,3,0,0,0,"sales","low"
"3995",0.63,0.98,4,160,2,0,0,0,"sales","medium"
"3996",0.63,0.4,6,177,2,1,0,0,"sales","medium"
"3997",0.61,0.97,4,153,3,0,0,0,"accounting","medium"
"4003",0.34,0.85,4,123,4,0,0,0,"hr","medium"
"4007",0.56,0.98,3,220,3,0,0,0,"technical","low"
"4009",0.69,0.99,3,198,2,0,0,0,"technical","medium"
"4012",0.8,0.79,3,217,3,0,0,0,"technical","low"
"4014",0.66,0.92,4,229,2,0,0,0,"technical","low"
"4015",0.81,0.78,4,159,3,0,0,0,"support","low"
"4017",0.92,0.85,3,235,2,0,0,0,"support","low"
"4022",1,0.49,3,106,4,0,0,0,"support","low"
"4030",0.61,0.82,3,261,4,0,0,0,"IT","low"
"4031",0.64,0.51,4,207,2,0,0,0,"IT","low"
"4035",0.26,0.81,5,139,4,0,0,0,"product_mng","medium"
"4039",0.79,0.73,5,155,3,0,0,0,"IT","medium"
"4042",0.29,0.77,3,164,6,0,0,0,"RandD","medium"
"4043",0.71,0.89,3,244,4,0,0,0,"RandD","medium"
"4044",0.93,0.58,4,222,2,0,0,0,"RandD","medium"
"4048",0.67,0.81,3,221,4,1,0,0,"accounting","medium"
"4049",0.54,0.42,3,138,3,1,0,0,"support","medium"
"4051",0.94,0.91,3,250,3,1,0,0,"management","low"
"4052",0.15,0.89,3,219,6,0,0,0,"marketing","low"
"4059",0.84,0.36,6,256,5,0,0,0,"sales","low"
"4061",0.63,0.88,3,177,3,0,0,0,"sales","low"
"4065",0.61,0.64,4,201,3,0,0,0,"sales","low"
"4066",0.83,0.55,5,247,3,0,0,0,"sales","low"
"4067",0.94,0.51,5,238,2,0,0,0,"sales","low"
"4069",0.6,0.49,2,194,4,0,0,0,"sales","low"
"4070",0.83,0.69,4,232,2,0,0,0,"sales","low"
"4072",0.79,0.97,4,204,3,0,0,0,"sales","medium"
"4074",0.5,0.56,3,164,3,0,0,0,"accounting","medium"
"4077",0.8,0.8,4,252,6,0,0,0,"hr","medium"
"4080",0.64,0.75,3,214,3,0,0,0,"hr","medium"
"4084",0.96,0.83,4,132,6,0,0,0,"technical","high"
"4088",0.62,0.75,3,149,2,1,0,0,"technical","medium"
"4090",0.53,0.83,4,249,3,1,0,0,"technical","low"
"4094",0.69,0.74,4,266,2,1,0,0,"support","low"
"4101",0.66,0.73,3,244,3,0,0,0,"support","medium"
"4102",1,0.93,5,182,3,1,0,0,"support","medium"
"4103",0.15,0.61,3,146,6,1,0,0,"technical","medium"
"4107",0.84,0.85,4,185,3,1,0,0,"IT","medium"
"4108",0.55,0.8,3,254,2,0,0,0,"IT","medium"
"4113",0.88,0.98,3,160,2,0,0,0,"product_mng","medium"
"4120",0.66,0.62,4,250,2,0,0,0,"RandD","medium"
"4122",0.19,0.5,5,126,3,1,0,0,"RandD","medium"
"4124",0.65,0.57,3,137,4,1,0,0,"sales","high"
"4128",0.74,1,4,199,4,0,0,0,"management","high"
"4129",0.47,0.62,6,171,5,1,0,0,"marketing","high"
"4131",0.81,0.58,3,243,4,0,0,0,"marketing","high"
"4135",1,0.97,3,216,3,1,0,0,"sales","low"
"4144",1,1,5,142,4,0,0,0,"sales","low"
"4145",0.81,0.96,4,212,3,0,0,0,"sales","low"
"4146",0.54,0.67,2,129,3,1,0,0,"sales","low"
"4148",0.82,0.88,4,149,2,0,0,0,"sales","low"
"4155",0.98,0.66,3,150,3,0,0,0,"hr","medium"
"4157",0.74,0.67,5,140,3,0,0,0,"hr","medium"
"4159",0.73,0.71,5,215,6,1,0,0,"technical","medium"
"4160",0.9,0.62,4,258,3,0,0,0,"technical","medium"
"4165",0.87,0.89,4,219,4,0,0,0,"technical","high"
"4167",0.7,0.74,3,157,3,0,0,0,"technical","high"
"4171",0.92,0.46,5,195,5,0,0,0,"support","low"
"4176",0.84,0.76,5,215,2,1,0,0,"support","low"
"4181",0.7,0.85,3,188,2,0,0,0,"technical","medium"
"4183",0.74,0.91,5,135,3,0,0,0,"management","medium"
"4184",0.54,0.59,4,228,3,0,0,0,"IT","medium"
"4193",0.37,0.48,2,285,5,0,0,0,"IT","medium"
"4198",0.67,0.66,6,152,3,0,0,0,"RandD","medium"
"4203",0.13,0.65,4,194,4,0,0,0,"support","medium"
"4204",0.57,0.68,3,102,6,0,0,0,"technical","medium"
"4206",0.99,0.69,3,206,2,0,0,0,"marketing","medium"
"4207",0.8,0.77,3,171,2,0,0,0,"marketing","medium"
"4211",0.87,0.53,6,216,6,1,0,0,"sales","medium"
"4212",0.61,0.9,5,113,3,0,0,0,"sales","medium"
"4215",0.86,0.48,4,153,3,0,0,0,"sales","low"
"4217",0.25,0.82,3,269,5,0,0,0,"sales","low"
"4218",0.63,0.55,3,160,3,0,0,0,"sales","low"
"4221",0.87,0.78,3,170,2,0,0,0,"sales","low"
"4228",0.67,0.67,3,183,3,0,0,0,"accounting","medium"
"4236",0.85,0.51,3,153,4,0,0,0,"technical","medium"
"4240",0.98,0.5,4,264,3,0,0,0,"technical","high"
"4243",0.73,0.91,3,238,2,0,0,0,"technical","medium"
"4244",0.74,0.64,4,147,5,0,0,0,"technical","medium"
"4246",0.91,0.97,4,183,3,0,0,0,"support","low"
"4247",0.74,0.92,5,255,3,0,0,0,"support","low"
"4251",0.65,0.98,3,136,3,0,0,0,"support","low"
"4253",0.14,0.66,6,142,5,0,0,0,"support","low"
"4256",0.76,0.95,2,156,4,0,0,0,"support","high"
"4257",0.78,0.66,4,214,2,0,0,0,"technical","low"
"4259",0.78,0.8,4,197,3,1,0,0,"technical","low"
"4261",0.68,0.61,5,271,2,0,0,0,"IT","high"
"4262",0.91,0.68,4,187,2,0,0,0,"IT","low"
"4273",0.54,0.81,5,261,6,0,0,0,"RandD","medium"
"4275",0.59,0.79,4,181,3,0,0,0,"RandD","medium"
"4281",0.82,0.92,5,252,3,0,0,0,"management","medium"
"4282",0.55,0.97,4,136,3,0,0,0,"marketing","medium"
"4286",0.83,0.77,3,232,2,1,0,0,"sales","medium"
"4290",0.8,0.41,3,188,4,0,0,0,"sales","high"
"4299",0.91,0.71,2,159,3,1,0,0,"sales","low"
"4301",0.69,0.97,5,105,4,0,0,0,"sales","low"
"4308",0.61,0.98,3,138,5,1,0,0,"hr","medium"
"4311",0.6,0.78,4,152,3,1,0,0,"technical","medium"
"4312",0.62,0.51,3,222,3,1,0,0,"technical","medium"
"4316",0.59,0.93,4,146,3,0,0,0,"technical","medium"
"4328",0.66,0.84,4,168,2,0,0,0,"support","low"
"4329",0.89,0.79,4,212,3,0,0,0,"support","low"
"4333",0.98,0.76,4,221,3,1,0,0,"technical","low"
"4340",0.73,0.85,5,224,4,0,0,0,"IT","low"
"4341",0.2,0.57,4,269,5,1,0,0,"IT","low"
"4343",0.56,0.62,4,247,3,0,0,0,"product_mng","low"
"4348",0.14,0.51,4,253,6,0,0,0,"RandD","medium"
"4354",0.72,0.74,3,187,2,0,0,0,"sales","medium"
"4355",0.84,0.58,3,140,3,0,0,0,"accounting","medium"
"4356",0.76,0.99,3,164,2,0,0,0,"support","medium"
"4358",0.58,0.93,5,235,2,0,0,0,"management","low"
"4360",0.74,0.51,4,246,3,1,0,0,"marketing","medium"
"4365",0.82,0.49,5,185,3,0,0,0,"sales","low"
"4367",0.39,0.64,3,152,2,0,0,0,"sales","low"
"4373",0.52,0.71,2,231,2,0,0,0,"sales","low"
"4378",0.75,0.53,3,222,2,0,0,0,"sales","low"
"4379",0.85,0.55,2,207,6,0,0,0,"sales","low"
"4384",0.19,0.68,5,149,3,0,0,0,"hr","medium"
"4389",0.81,0.96,4,143,3,1,0,0,"technical","medium"
"4393",0.49,0.55,2,173,3,0,0,0,"technical","medium"
"4394",0.94,0.47,5,131,6,0,0,0,"technical","medium"
"4395",0.81,0.84,4,143,2,0,0,0,"technical","medium"
"4396",0.92,0.78,5,193,4,0,0,0,"technical","high"
"4398",0.98,0.61,4,265,2,1,0,0,"technical","medium"
"4400",0.72,0.87,4,184,4,0,0,0,"support","medium"
"4408",0.73,0.52,4,215,3,0,0,0,"support","low"
"4414",0.6,0.65,4,160,2,0,0,0,"IT","low"
"4415",0.62,0.71,3,177,3,1,0,0,"IT","low"
"4417",0.4,0.48,4,97,2,0,0,0,"IT","low"
"4421",0.77,0.78,4,212,3,0,0,0,"product_mng","low"
"4427",0.88,0.66,4,133,2,0,0,0,"RandD","medium"
"4430",0.76,0.57,5,139,4,0,0,0,"sales","medium"
"4435",0.66,0.68,4,152,3,0,0,0,"marketing","high"
"4441",0.36,0.65,3,116,2,1,0,0,"sales","low"
"4450",0.75,0.86,6,148,4,0,0,0,"sales","low"
"4461",0.23,0.37,3,247,4,0,0,0,"hr","medium"
"4468",0.89,0.78,3,185,2,1,0,0,"technical","medium"
"4471",0.52,0.72,2,160,2,0,0,0,"technical","high"
"4475",0.98,0.54,5,260,3,0,0,0,"support","medium"
"4479",0.79,0.86,3,139,3,0,0,0,"support","low"
"4492",0.18,0.99,4,204,6,0,0,0,"IT","low"
"4493",0.86,0.68,4,170,2,0,0,0,"IT","low"
"4498",0.43,0.41,4,190,3,0,0,0,"product_mng","medium"
"4500",0.94,0.8,5,111,4,0,0,1,"RandD","medium"
"4501",0.58,0.71,4,145,3,1,0,1,"RandD","medium"
"4505",0.35,0.67,3,119,3,0,0,1,"marketing","medium"
"4506",0.77,0.79,3,157,3,0,0,1,"sales","medium"
"4508",0.5,0.6,4,200,2,0,0,1,"support","medium"
"4512",0.49,0.52,4,183,2,0,0,1,"marketing","medium"
"4521",0.7,0.44,2,131,2,0,0,0,"sales","low"
"4523",0.9,0.56,3,220,3,0,0,0,"sales","low"
"4525",0.78,0.59,4,180,3,0,0,0,"sales","low"
"4526",0.91,0.49,6,272,6,0,0,0,"sales","low"
"4529",0.8,0.77,4,205,2,0,0,0,"sales","low"
"4530",0.52,0.67,3,244,3,0,0,0,"sales","low"
"4531",0.52,0.97,3,185,2,0,0,0,"sales","low"
"4534",0.83,0.61,4,262,4,0,0,0,"accounting","low"
"4536",0.89,0.74,4,174,2,0,0,0,"hr","low"
"4537",0.21,0.37,6,266,3,0,0,1,"hr","medium"
"4539",0.73,0.97,3,245,2,0,0,1,"hr","medium"
"4540",0.85,0.51,3,261,4,0,0,1,"technical","medium"
"4541",0.54,0.85,4,157,3,0,0,1,"technical","medium"
"4547",0.71,0.79,4,133,3,0,0,1,"technical","medium"
"4548",0.79,0.65,5,228,3,0,0,1,"technical","medium"
"4553",0.51,0.91,4,269,5,0,0,1,"support","medium"
"4555",0.92,0.82,4,168,3,0,0,1,"support","low"
"4556",1,0.59,3,168,3,0,0,1,"support","low"
"4562",0.99,0.58,4,138,3,0,0,0,"technical","low"
"4563",0.57,0.76,3,195,3,0,0,0,"technical","medium"
"4571",0.66,0.9,3,217,4,0,0,0,"product_mng","medium"
"4573",0.67,0.99,5,237,3,0,0,0,"product_mng","medium"
"4575",0.7,0.98,4,194,2,0,0,0,"IT","medium"
"4577",0.97,0.6,5,133,2,0,0,0,"RandD","medium"
"4583",0.91,0.51,2,211,2,0,0,0,"accounting","medium"
"4585",0.83,0.53,5,182,2,1,0,0,"technical","medium"
"4587",0.77,0.97,3,184,3,1,0,0,"marketing","medium"
"4588",0.49,0.71,2,117,3,0,0,0,"marketing","high"
"4591",0.69,0.84,3,227,3,1,0,0,"sales","high"
"4592",0.88,0.59,5,147,4,0,0,0,"sales","high"
"4594",0.8,0.58,4,238,2,0,0,0,"sales","high"
"4595",0.22,0.89,4,262,4,0,0,0,"sales","high"
"4600",0.49,0.56,4,260,6,0,0,0,"sales","low"
"4605",0.93,0.68,3,272,2,1,0,0,"sales","low"
"4607",0.82,0.68,3,140,2,0,0,0,"sales","low"
"4609",0.88,0.84,3,266,3,0,0,0,"accounting","low"
"4612",0.92,0.51,5,214,3,0,0,0,"hr","low"
"4613",0.48,0.6,2,121,5,0,0,0,"hr","low"
"4616",0.97,0.78,4,261,2,0,0,0,"technical","medium"
"4622",0.34,0.41,2,141,3,0,0,0,"technical","medium"
"4623",0.97,0.68,3,185,2,0,0,0,"technical","medium"
"4624",0.39,0.99,6,235,6,0,0,0,"technical","medium"
"4627",0.49,0.79,4,158,3,0,0,0,"support","high"
"4628",0.17,0.83,6,195,5,0,0,0,"support","high"
"4631",0.24,0.89,5,228,4,1,0,0,"support","high"
"4633",0.36,0.72,3,179,3,0,0,0,"support","high"
"4634",0.19,0.76,2,158,3,0,0,0,"support","high"
"4646",0.85,0.58,4,273,4,0,0,0,"IT","medium"
"4647",0.8,0.94,4,141,3,1,0,0,"product_mng","medium"
"4651",0.82,0.69,5,219,3,0,0,0,"IT","medium"
"4655",0.75,0.78,4,158,5,1,0,0,"RandD","medium"
"4659",0.68,0.67,4,135,2,0,0,0,"accounting","medium"
"4663",0.66,0.57,3,169,4,1,0,0,"marketing","medium"
"4676",0.65,0.48,3,131,3,1,0,0,"sales","medium"
"4677",0.97,0.79,2,272,2,0,0,0,"sales","medium"
"4690",0.74,0.76,3,224,2,0,0,0,"hr","low"
"4692",0.99,0.44,6,104,6,0,0,0,"technical","low"
"4695",0.76,0.72,3,242,5,1,0,0,"technical","medium"
"4696",0.41,0.7,4,177,3,0,0,0,"technical","medium"
"4698",0.62,0.49,4,175,3,0,0,0,"technical","medium"
"4700",0.58,0.61,3,205,2,0,0,0,"technical","medium"
"4702",0.28,0.76,3,150,2,0,0,0,"technical","medium"
"4704",0.85,0.86,3,231,3,0,0,0,"support","medium"
"4705",0.56,0.76,3,134,2,0,0,0,"support","high"
"4706",0.81,1,5,143,2,0,0,0,"support","low"
"4711",0.77,0.83,3,160,3,0,0,0,"support","low"
"4715",0.79,0.89,3,104,4,0,0,0,"technical","low"
"4723",0.5,0.82,3,133,2,1,0,0,"product_mng","low"
"4727",0.52,0.54,4,212,3,0,0,0,"IT","low"
"4730",0.6,0.9,4,178,3,0,0,1,"RandD","high"
"4732",0.93,0.51,3,196,2,0,0,1,"RandD","medium"
"4737",0.83,0.91,3,168,3,0,0,1,"technical","medium"
"4738",0.55,0.85,3,152,2,0,0,1,"management","medium"
"4745",0.61,0.68,4,244,3,0,0,0,"sales","low"
"4746",0.48,0.5,4,179,3,0,0,0,"sales","medium"
"4748",0.78,0.58,3,224,2,0,0,0,"sales","medium"
"4749",0.92,0.99,5,236,4,0,0,0,"sales","medium"
"4751",0.15,0.42,4,238,3,0,0,0,"sales","medium"
"4753",0.56,0.72,4,247,2,0,0,0,"sales","medium"
"4756",0.86,0.66,3,150,2,0,0,0,"sales","low"
"4757",0.88,0.95,3,137,3,0,0,0,"sales","low"
"4762",0.6,0.55,3,177,3,1,0,0,"accounting","low"
"4764",0.23,0.59,5,245,5,0,0,0,"hr","low"
"4768",0.87,0.52,3,152,4,0,0,0,"technical","low"
"4769",0.93,0.96,3,268,4,0,0,0,"technical","low"
"4770",0.13,0.95,5,149,2,0,0,0,"technical","low"
"4776",1,0.8,5,162,3,1,0,0,"technical","medium"
"4779",0.63,0.9,3,142,3,0,0,0,"support","medium"
"4780",0.59,0.62,3,203,4,0,0,0,"support","medium"
"4785",0.3,0.68,3,229,6,0,0,0,"support","medium"
"4789",0.93,0.74,2,169,4,0,0,0,"support","low"
"4790",0.97,0.91,4,257,3,1,0,0,"technical","low"
"4792",0.66,0.95,4,183,3,0,0,0,"technical","low"
"4798",0.91,0.63,4,226,3,1,0,0,"IT","low"
"4802",0.17,0.91,4,260,5,0,0,0,"product_mng","low"
"4804",0.27,0.69,2,177,5,0,0,0,"RandD","low"
"4805",0.91,0.95,4,171,3,0,0,0,"RandD","low"
"4806",0.49,0.61,3,148,2,1,0,0,"RandD","low"
"4814",0.72,0.92,3,225,3,0,0,0,"management","medium"
"4815",0.94,0.85,4,236,2,0,0,0,"marketing","medium"
"4819",0.5,0.43,3,184,2,0,0,0,"sales","medium"
"4820",0.8,0.91,3,202,2,0,0,0,"sales","medium"
"4821",0.67,0.83,4,195,3,0,0,0,"sales","medium"
"4825",0.62,0.54,3,142,2,0,0,0,"sales","medium"
"4826",0.95,0.53,4,162,3,0,0,0,"sales","medium"
"4827",0.89,0.75,5,258,2,0,0,0,"sales","medium"
"4829",0.19,0.8,4,249,5,0,0,0,"sales","low"
"4831",0.53,0.64,2,177,4,0,0,0,"sales","low"
"4834",0.22,0.88,5,154,5,0,0,0,"sales","low"
"4839",0.46,0.38,6,165,3,0,0,0,"accounting","low"
"4844",0.7,0.98,4,176,5,0,0,0,"technical","low"
"4845",0.66,0.96,4,103,2,0,0,0,"technical","low"
"4846",0.54,0.52,5,155,3,0,0,0,"technical","low"
"4851",0.65,0.97,4,145,2,0,0,0,"technical","medium"
"4852",0.31,0.59,3,176,3,0,0,0,"technical","medium"
"4857",0.77,0.96,6,225,4,0,0,0,"support","medium"
"4859",0.63,0.66,4,157,2,0,0,0,"support","medium"
"4861",0.5,0.85,4,224,6,0,0,0,"support","high"
"4862",0.52,0.91,5,193,2,0,0,0,"support","low"
"4863",0.73,0.79,4,157,3,0,0,0,"support","medium"
"4864",0.99,0.87,4,223,3,0,0,0,"support","medium"
"4865",0.91,0.99,3,188,3,1,0,0,"support","medium"
"4871",0.99,0.95,4,102,5,0,0,0,"IT","low"
"4879",0.53,0.52,3,233,4,0,0,0,"IT","low"
"4881",0.59,0.65,4,163,3,1,0,0,"RandD","low"
"4884",0.78,0.95,3,249,4,0,0,0,"RandD","low"
"4886",0.7,0.74,4,247,2,0,0,0,"sales","low"
"4901",0.83,0.87,5,233,3,0,0,0,"sales","low"
"4902",0.9,0.78,4,225,2,1,0,0,"sales","medium"
"4905",0.7,0.85,4,232,3,0,0,0,"sales","medium"
"4906",0.54,0.76,3,157,4,0,0,0,"sales","low"
"4911",0.99,0.79,4,133,2,0,0,0,"sales","low"
"4916",0.65,0.78,4,238,5,1,0,0,"hr","low"
"4923",0.95,0.7,4,267,3,1,0,0,"technical","low"
"4925",0.83,0.95,3,255,3,0,0,0,"technical","medium"
"4927",0.69,0.49,3,198,4,0,0,0,"technical","medium"
"4929",0.55,0.49,3,146,2,0,0,0,"technical","medium"
"4930",0.55,0.82,4,134,6,0,0,0,"technical","medium"
"4932",0.51,0.93,5,232,3,0,0,0,"support","medium"
"4940",0.69,0.59,3,233,3,0,0,0,"support","medium"
"4944",0.55,0.65,3,207,3,0,0,0,"technical","low"
"4945",0.91,0.53,3,273,6,0,0,0,"management","low"
"4948",0.57,0.6,4,248,4,0,0,0,"IT","low"
"4950",0.76,0.89,4,181,3,0,0,0,"IT","low"
"4957",0.67,0.57,4,165,3,0,0,0,"RandD","low"
"4958",0.78,0.55,3,144,2,0,0,0,"RandD","low"
"4964",0.77,0.89,5,152,3,0,0,0,"support","medium"
"4974",0.68,0.92,2,184,4,0,0,0,"sales","medium"
"4976",0.86,0.94,5,209,4,0,0,0,"sales","low"
"4980",0.67,0.36,4,97,4,0,0,0,"sales","medium"
"4981",0.89,0.74,4,174,2,0,0,0,"sales","low"
"4990",0.69,0.97,3,158,2,0,0,0,"accounting","low"
"4991",0.81,0.68,3,151,3,0,0,0,"accounting","low"
"4995",0.94,0.59,5,250,3,0,0,0,"hr","low"
"4998",0.77,0.59,5,189,5,0,0,0,"technical","low"
"4999",0.57,0.82,5,138,3,0,0,0,"technical","low"
"5000",0.64,0.97,4,268,2,0,0,0,"technical","low"
"5004",0.49,0.93,4,184,3,0,0,0,"technical","medium"
"5005",0.91,0.99,5,152,3,0,0,0,"technical","medium"
"5008",0.84,0.94,4,246,2,1,0,0,"support","medium"
"5012",0.52,0.54,5,239,3,0,0,0,"support","medium"
"5014",0.72,0.59,3,255,2,0,0,0,"support","high"
"5019",0.5,0.74,3,220,3,0,0,0,"technical","medium"
"5021",0.86,0.49,4,274,2,0,0,0,"management","low"
"5022",0.66,0.99,4,195,3,0,0,0,"IT","low"
"5025",0.61,0.73,3,165,3,1,0,0,"IT","low"
"5029",0.64,0.99,4,180,4,0,0,0,"product_mng","medium"
"5030",0.87,0.7,5,225,3,0,0,0,"product_mng","medium"
"5035",0.47,0.51,6,190,5,0,0,1,"RandD","medium"
"5037",0.83,0.83,3,186,3,1,0,1,"marketing","medium"
"5039",0.91,0.74,5,192,3,0,0,1,"accounting","medium"
"5040",0.56,0.59,4,164,3,0,0,1,"support","medium"
"5041",0.73,0.66,6,195,3,0,0,1,"technical","medium"
"5044",0.49,0.76,3,257,2,1,0,0,"marketing","medium"
"5049",0.58,0.9,3,151,3,0,0,0,"sales","medium"
"5051",0.74,0.8,4,241,2,0,0,0,"sales","medium"
"5052",0.62,0.52,3,148,3,0,0,0,"sales","medium"
"5053",0.7,0.76,5,165,3,0,0,0,"sales","medium"
"5055",0.75,0.9,4,197,2,0,0,0,"sales","medium"
"5056",0.95,0.48,5,214,6,1,0,1,"sales","medium"
"5060",0.51,0.72,4,163,4,0,0,1,"sales","medium"
"5061",0.94,0.53,5,257,2,0,0,1,"sales","medium"
"5062",0.9,0.85,3,253,3,0,0,0,"sales","medium"
"5063",0.8,0.78,4,234,3,0,0,0,"sales","medium"
"5065",0.45,0.53,3,181,4,1,0,0,"accounting","low"
"5067",0.5,0.48,3,163,4,0,0,0,"accounting","low"
"5070",0.66,0.84,4,197,2,0,0,0,"hr","low"
"5074",1,0.85,3,150,3,0,0,0,"technical","low"
"5077",0.59,0.71,5,222,3,0,0,0,"technical","low"
"5079",0.71,0.95,3,150,2,0,0,0,"technical","low"
"5081",0.65,0.59,5,271,3,0,0,0,"technical","medium"
"5082",0.93,0.67,5,167,3,0,0,0,"technical","medium"
"5084",0.78,0.77,3,149,4,1,0,0,"support","medium"
"5093",0.97,0.87,2,175,6,0,0,0,"support","high"
"5095",0.96,0.51,3,237,4,0,0,0,"technical","high"
"5104",0.82,0.88,4,171,2,0,0,0,"product_mng","low"
"5105",0.38,0.5,2,170,3,0,0,0,"product_mng","low"
"5106",0.49,0.72,4,246,3,0,0,0,"product_mng","low"
"5107",0.53,0.8,3,175,3,0,0,0,"IT","low"
"5108",0.56,0.59,3,185,2,0,0,0,"RandD","medium"
"5109",0.69,0.98,3,168,2,0,0,0,"RandD","medium"
"5113",0.2,0.53,6,189,4,0,0,0,"marketing","medium"
"5114",0.93,0.61,3,166,3,0,0,0,"sales","medium"
"5116",0.78,0.45,3,253,6,0,0,1,"support","medium"
"5119",0.92,0.91,3,228,2,0,0,1,"marketing","medium"
"5120",0.58,0.97,3,186,3,0,0,1,"marketing","medium"
"5121",0.68,0.72,3,213,3,0,0,1,"marketing","medium"
"5125",0.23,0.48,5,221,6,0,0,0,"sales","medium"
"5128",0.77,0.84,3,188,4,0,0,0,"sales","medium"
"5131",0.49,0.54,6,214,3,0,0,0,"sales","high"
"5136",0.61,0.92,3,222,4,0,0,0,"sales","medium"
"5143",0.5,0.88,4,275,5,0,0,0,"accounting","low"
"5148",0.82,0.84,3,237,2,0,0,0,"technical","low"
"5151",0.92,0.88,3,184,3,1,0,0,"technical","low"
"5159",0.86,0.96,4,167,3,0,0,0,"support","high"
"5161",0.52,0.81,3,253,2,0,0,0,"support","medium"
"5166",0.76,0.74,4,187,3,0,0,0,"support","medium"
"5170",0.51,0.58,4,140,3,0,0,0,"technical","high"
"5171",0.2,0.72,5,123,2,1,0,0,"technical","low"
"5176",0.62,0.92,5,149,3,0,0,0,"IT","low"
"5178",0.88,0.73,5,267,3,0,0,0,"IT","low"
"5181",0.34,0.65,2,165,4,0,0,0,"product_mng","low"
"5182",0.88,0.85,4,231,3,0,0,0,"product_mng","low"
"5186",0.62,0.73,4,191,3,0,0,0,"RandD","high"
"5201",0.77,0.52,4,216,3,0,0,0,"sales","medium"
"5208",0.94,0.59,3,137,2,0,0,0,"sales","medium"
"5212",0.54,0.84,4,174,2,0,0,0,"sales","medium"
"5228",0.64,0.65,3,181,2,0,0,0,"technical","high"
"5230",0.99,0.99,3,158,2,0,0,0,"technical","low"
"5238",0.66,0.56,4,141,4,0,0,0,"support","medium"
"5239",0.94,0.59,3,234,2,0,0,0,"support","medium"
"5242",0.88,0.45,5,274,2,1,0,0,"support","medium"
"5245",0.54,0.5,4,146,2,0,0,0,"support","medium"
"5256",0.91,0.5,3,178,2,0,0,0,"product_mng","low"
"5257",0.79,0.75,2,221,3,0,0,0,"product_mng","low"
"5260",0.92,0.8,4,263,4,0,0,0,"RandD","low"
"5262",0.6,0.83,2,189,2,0,0,0,"RandD","low"
"5267",0.8,0.99,3,158,3,0,0,0,"sales","low"
"5269",0.84,0.59,4,216,2,0,0,0,"support","low"
"5270",0.86,0.58,4,220,5,0,0,0,"technical","low"
"5277",0.86,0.81,4,179,3,0,0,0,"sales","medium"
"5278",0.67,0.93,5,133,2,0,0,0,"sales","medium"
"5281",0.53,0.81,5,135,2,0,0,0,"sales","medium"
"5284",0.66,0.92,3,177,3,0,0,0,"sales","medium"
"5286",0.57,0.39,3,193,6,0,0,0,"sales","medium"
"5288",0.71,0.58,3,194,4,0,0,0,"sales","low"
"5289",0.94,0.7,3,271,4,0,0,0,"sales","medium"
"5290",0.8,0.85,3,135,2,0,0,0,"sales","medium"
"5291",0.59,0.94,4,136,2,0,0,0,"sales","medium"
"5298",0.21,0.93,4,260,3,0,0,0,"hr","low"
"5299",0.21,0.85,5,153,3,0,0,0,"hr","low"
"5301",0.94,0.69,2,198,3,0,0,0,"technical","low"
"5303",0.92,0.78,3,218,3,0,0,0,"technical","low"
"5304",0.71,0.98,5,167,3,0,0,0,"technical","low"
"5305",0.69,0.83,4,264,3,0,0,0,"technical","low"
"5308",0.36,0.42,2,192,2,0,0,0,"technical","low"
"5309",0.81,0.92,5,255,4,1,0,0,"technical","low"
"5314",0.55,0.58,5,262,3,0,0,0,"support","medium"
"5318",0.99,1,3,139,2,0,0,0,"support","medium"
"5321",0.53,0.59,4,265,2,0,0,0,"support","medium"
"5325",0.72,0.67,4,147,2,0,0,0,"technical","medium"
"5328",0.65,0.52,4,266,3,1,0,0,"IT","medium"
"5329",0.84,0.91,3,199,4,0,0,0,"IT","medium"
"5335",0.85,0.8,4,254,2,0,0,0,"product_mng","low"
"5346",0.83,0.85,4,201,2,1,0,0,"support","low"
"5347",0.55,0.66,3,164,2,0,0,0,"technical","low"
"5349",0.92,0.58,4,201,2,0,0,0,"marketing","low"
"5351",0.45,0.72,4,149,3,0,0,0,"marketing","low"
"5359",0.66,0.89,3,257,3,0,0,0,"sales","medium"
"5360",0.84,0.59,3,234,2,0,0,0,"sales","medium"
"5370",0.76,0.82,4,172,3,1,0,0,"sales","medium"
"5372",0.83,0.57,2,246,5,1,0,0,"accounting","low"
"5374",0.83,0.7,5,168,3,0,0,0,"hr","low"
"5377",0.65,0.57,3,238,3,0,0,0,"hr","low"
"5379",0.84,0.5,5,195,3,0,0,0,"technical","low"
"5381",0.7,0.51,3,256,3,0,0,0,"technical","low"
"5382",0.79,0.83,5,268,3,0,0,0,"technical","low"
"5389",0.65,0.7,4,233,3,0,0,0,"support","medium"
"5397",0.87,0.82,4,248,2,0,0,0,"support","medium"
"5398",0.62,0.79,3,274,3,0,0,0,"support","medium"
"5399",0.54,1,3,169,2,0,0,0,"support","medium"
"5400",0.84,0.53,5,190,3,0,0,0,"technical","medium"
"5407",0.73,0.78,4,181,4,0,0,0,"IT","low"
"5408",0.49,0.74,3,229,3,1,0,0,"IT","low"
"5413",0.91,0.6,4,163,5,0,0,0,"IT","low"
"5415",0.99,0.72,4,136,3,0,0,0,"RandD","low"
"5417",0.18,0.93,3,245,4,1,0,0,"RandD","low"
"5421",0.7,0.6,3,183,3,0,0,0,"sales","low"
"5422",0.97,0.91,3,246,2,0,0,0,"accounting","low"
"5423",0.92,0.91,3,250,4,0,0,0,"support","low"
"5424",0.94,0.7,3,176,3,0,0,0,"technical","low"
"5428",0.68,0.71,5,135,4,1,0,0,"marketing","medium"
"5429",0.57,0.43,3,167,3,0,0,0,"sales","medium"
"5431",0.48,0.97,3,224,6,0,0,0,"sales","medium"
"5433",0.68,0.43,3,161,2,1,0,0,"sales","medium"
"5434",0.62,0.68,3,124,3,0,0,0,"sales","medium"
"5437",0.99,0.8,5,254,5,0,0,0,"sales","medium"
"5440",0.66,0.5,4,263,3,0,0,0,"sales","high"
"5445",0.49,0.49,6,188,3,0,0,0,"sales","medium"
"5447",0.96,0.59,4,108,6,0,0,0,"sales","low"
"5451",0.52,0.9,4,285,2,0,0,0,"hr","low"
"5453",0.5,0.73,4,271,2,0,0,0,"hr","low"
"5454",0.51,0.88,3,202,4,0,0,0,"hr","low"
"5456",0.62,0.72,2,180,2,1,0,0,"technical","low"
"5459",0.58,0.64,2,249,2,0,0,0,"technical","low"
"5466",0.95,0.55,5,185,2,0,0,0,"support","low"
"5467",1,0.93,3,264,4,0,0,0,"support","medium"
"5472",0.86,0.92,3,180,2,0,0,0,"support","medium"
"5477",0.83,0.67,4,139,3,0,0,0,"technical","medium"
"5478",0.57,0.75,3,159,2,0,0,0,"technical","medium"
"5485",0.9,0.9,3,274,3,0,0,0,"IT","low"
"5490",0.76,0.76,5,175,3,0,0,0,"IT","low"
"5493",0.37,0.46,3,173,6,0,0,0,"RandD","medium"
"5501",0.76,0.76,4,149,3,0,0,0,"technical","medium"
"5502",0.5,0.74,4,246,3,0,0,0,"management","medium"
"5505",0.99,0.77,4,184,3,0,0,0,"marketing","medium"
"5507",0.92,0.81,3,196,2,0,0,0,"sales","medium"
"5508",0.88,0.76,3,223,3,0,0,0,"sales","medium"
"5509",0.99,0.86,3,198,3,0,0,0,"sales","medium"
"5514",0.23,0.5,5,100,3,0,0,0,"sales","medium"
"5516",0.82,0.61,3,229,2,0,0,0,"sales","medium"
"5518",0.96,0.82,4,201,2,0,0,0,"sales","high"
"5523",0.78,0.83,4,252,2,0,0,1,"sales","high"
"5528",0.61,0.61,4,239,2,0,0,1,"hr","high"
"5534",0.45,0.55,5,268,2,0,0,0,"technical","low"
"5537",0.51,0.84,4,214,2,0,0,0,"technical","low"
"5538",0.35,0.41,6,244,3,0,0,0,"technical","low"
"5539",0.99,0.57,3,221,3,0,0,0,"technical","low"
"5540",0.73,0.49,4,200,2,1,0,0,"technical","low"
"5542",0.43,0.74,4,121,5,1,0,0,"technical","low"
"5543",0.81,0.77,5,249,2,0,0,0,"support","low"
"5547",0.88,0.93,3,162,3,0,0,0,"support","medium"
"5548",0.48,0.8,5,235,2,0,0,0,"support","medium"
"5549",0.21,0.63,5,226,3,0,0,0,"support","medium"
"5555",0.52,0.9,5,176,3,0,0,0,"technical","medium"
"5558",0.77,0.52,3,210,3,1,0,0,"IT","high"
"5560",0.74,0.54,3,175,3,1,0,0,"IT","high"
"5565",0.85,0.96,3,211,2,0,0,0,"product_mng","low"
"5567",0.98,0.6,4,191,3,0,0,0,"IT","low"
"5570",0.88,0.69,3,248,4,0,0,0,"RandD","low"
"5571",0.16,0.81,2,159,6,1,0,0,"RandD","low"
"5573",0.81,0.76,3,203,3,0,0,0,"RandD","medium"
"5576",0.67,0.69,5,225,3,0,0,0,"accounting","medium"
"5580",0.51,0.75,3,234,2,1,0,0,"marketing","medium"
"5588",0.75,0.54,6,138,4,1,0,0,"sales","medium"
"5590",0.31,0.5,3,262,5,0,0,0,"sales","medium"
"5593",0.49,0.99,3,199,3,0,0,0,"sales","medium"
"5597",0.62,0.98,4,107,2,0,0,0,"sales","low"
"5598",0.5,0.68,4,274,4,0,0,0,"sales","medium"
"5601",0.22,0.58,2,255,5,0,0,0,"sales","medium"
"5606",0.51,0.82,3,206,4,0,0,0,"hr","medium"
"5607",0.66,0.92,4,239,3,0,0,0,"hr","medium"
"5609",0.42,0.4,3,160,2,0,0,0,"technical","low"
"5610",0.86,0.77,5,237,3,1,0,0,"technical","low"
"5613",0.63,0.94,2,228,2,1,0,0,"technical","low"
"5614",1,0.54,3,151,2,1,0,0,"technical","low"
"5616",0.9,0.7,3,147,4,0,0,0,"technical","low"
"5633",0.3,0.48,2,104,2,0,0,0,"technical","high"
"5636",0.24,0.79,2,175,5,0,0,0,"IT","low"
"5640",0.79,0.71,3,202,3,0,0,0,"product_mng","medium"
"5643",0.17,0.59,4,179,4,0,0,0,"product_mng","low"
"5649",0.78,0.69,5,256,3,0,0,0,"RandD","low"
"5651",0.99,0.82,6,185,4,1,0,0,"sales","high"
"5652",0.15,0.76,4,255,6,0,0,0,"accounting","low"
"5655",0.82,0.58,2,248,6,0,0,0,"management","low"
"5663",0.44,0.87,2,140,4,0,0,0,"sales","high"
"5665",0.78,0.56,5,252,2,0,0,0,"sales","high"
"5668",0.72,0.53,5,244,4,0,0,0,"sales","medium"
"5678",0.2,0.56,5,181,6,0,0,0,"accounting","medium"
"5680",0.21,0.53,3,229,5,0,0,0,"accounting","medium"
"5684",0.65,0.76,4,193,2,0,0,0,"hr","medium"
"5692",0.74,0.75,4,149,3,0,0,0,"technical","low"
"5693",0.79,0.6,4,161,3,0,0,0,"technical","high"
"5694",0.88,0.58,5,264,3,0,0,0,"technical","low"
"5695",0.89,0.93,4,137,2,0,0,0,"technical","low"
"5697",0.48,0.54,4,105,5,1,0,0,"support","low"
"5699",0.71,0.74,3,250,3,0,0,0,"support","low"
"5701",0.99,0.71,4,199,4,0,0,0,"support","medium"
"5703",1,0.94,3,257,4,0,0,0,"support","medium"
"5704",0.81,0.55,3,127,4,0,0,0,"support","medium"
"5706",0.9,0.58,5,260,2,0,0,0,"support","medium"
"5707",0.98,0.9,4,247,2,0,0,0,"technical","medium"
"5708",0.56,0.55,3,250,4,0,0,0,"technical","medium"
"5718",0.58,0.57,5,105,6,0,0,0,"product_mng","medium"
"5720",0.78,1,4,154,2,0,0,0,"IT","low"
"5728",0.83,0.64,2,192,2,0,0,0,"sales","low"
"5729",0.73,0.45,5,232,4,0,0,0,"accounting","low"
"5730",0.78,0.67,4,221,3,1,0,0,"support","low"
"5733",0.67,0.89,2,173,3,0,0,0,"marketing","low"
"5747",0.55,0.6,4,176,3,0,0,0,"sales","medium"
"5751",0.75,0.71,4,209,3,0,0,0,"sales","medium"
"5753",0.68,0.78,3,232,3,0,0,0,"sales","low"
"5754",0.52,0.53,2,286,3,0,0,0,"sales","medium"
"5761",0.98,0.78,3,197,2,0,0,0,"hr","low"
"5772",0.53,0.6,5,247,3,0,0,0,"technical","low"
"5775",0.95,0.78,5,246,3,0,0,0,"support","low"
"5776",0.86,0.69,5,157,4,0,0,0,"support","low"
"5777",0.59,0.58,4,233,4,0,0,0,"support","low"
"5778",0.95,0.63,4,153,3,0,0,0,"support","low"
"5779",0.7,0.92,4,142,2,1,0,0,"support","medium"
"5791",0.59,0.57,4,261,2,0,0,0,"IT","high"
"5796",0.15,0.52,4,207,4,0,0,0,"product_mng","medium"
"5799",0.9,0.82,3,203,2,0,0,0,"RandD","low"
"5802",0.71,0.49,4,273,2,1,0,0,"RandD","low"
"5805",0.84,0.85,3,243,2,0,0,0,"accounting","low"
"5807",1,0.71,4,216,2,0,0,0,"technical","low"
"5808",0.48,0.51,5,286,3,0,0,0,"management","low"
"5815",0.76,0.65,4,195,3,0,0,0,"sales","low"
"5818",0.57,0.62,3,154,2,0,0,0,"sales","medium"
"5820",0.7,0.67,3,179,3,1,0,0,"sales","medium"
"5827",0.21,0.9,4,235,4,0,0,0,"sales","medium"
"5829",0.91,0.62,4,158,3,1,0,0,"sales","medium"
"5837",0.74,0.53,4,166,3,0,0,0,"hr","low"
"5841",0.15,0.91,5,267,4,0,0,0,"technical","low"
"5845",0.49,0.92,4,229,2,0,0,0,"technical","low"
"5849",0.6,0.57,3,202,3,0,0,0,"support","low"
"5852",0.71,0.95,3,251,3,0,0,0,"support","low"
"5854",0.59,0.99,3,185,2,0,0,0,"support","medium"
"5856",0.99,0.68,3,181,3,1,0,0,"support","medium"
"5860",0.7,0.79,6,257,4,0,0,0,"technical","medium"
"5867",0.34,0.91,4,284,4,0,0,0,"IT","low"
"5868",0.61,0.9,3,263,3,0,0,0,"IT","medium"
"5869",0.18,0.95,4,241,6,0,0,0,"product_mng","medium"
"5870",0.72,0.94,3,258,3,0,0,0,"product_mng","medium"
"5873",0.85,0.74,5,170,4,0,0,0,"IT","low"
"5874",0.8,0.81,4,194,3,1,0,0,"RandD","low"
"5881",0.76,0.89,5,204,3,0,0,0,"accounting","low"
"5883",0.59,1,4,169,2,0,0,0,"technical","low"
"5886",0.96,0.87,5,202,2,0,0,0,"marketing","low"
"5887",0.82,0.63,4,199,2,0,0,0,"marketing","low"
"5888",0.97,0.93,2,270,4,0,0,0,"sales","low"
"5889",0.74,0.51,5,258,2,0,0,0,"sales","low"
"5897",0.94,0.88,3,270,3,0,0,0,"sales","medium"
"5900",0.82,0.92,4,196,3,0,0,0,"sales","medium"
"5901",0.62,0.92,5,169,2,0,0,0,"sales","medium"
"5902",0.88,0.59,2,144,3,0,0,0,"sales","medium"
"5904",0.62,0.91,3,142,6,1,0,0,"sales","medium"
"5906",0.91,0.66,4,163,3,0,0,0,"sales","low"
"5908",0.84,0.9,3,178,2,0,0,0,"accounting","medium"
"5909",0.35,0.57,3,109,3,0,0,0,"accounting","medium"
"5916",0.91,0.57,3,158,3,0,0,0,"technical","low"
"5918",0.53,0.71,4,227,3,0,0,0,"technical","low"
"5919",0.84,0.67,3,139,2,0,0,0,"technical","low"
"5921",0.81,0.62,4,255,4,1,0,0,"technical","low"
"5924",0.41,0.77,4,231,6,0,0,0,"technical","low"
"5928",0.72,0.39,5,111,5,0,0,0,"support","low"
"5931",0.65,0.95,3,266,3,1,0,0,"support","low"
"5932",0.66,0.56,3,169,2,1,0,0,"support","medium"
"5934",0.91,0.9,3,243,3,0,0,0,"support","medium"
"5939",1,0.59,5,182,3,1,0,0,"management","medium"
"5950",0.48,0.46,2,174,3,0,0,0,"RandD","low"
"5955",0.94,0.79,3,256,3,0,0,0,"marketing","low"
"5963",0.92,0.99,3,190,3,0,0,0,"marketing","medium"
"5966",0.82,0.68,3,160,4,0,0,0,"sales","medium"
"5968",0.18,0.39,2,177,6,0,0,0,"sales","medium"
"5969",0.99,0.59,3,163,2,0,0,0,"sales","medium"
"5970",0.22,0.9,4,106,2,0,0,0,"sales","medium"
"5973",0.84,0.61,3,253,2,0,0,0,"sales","medium"
"5975",0.73,0.9,4,266,3,0,0,0,"sales","medium"
"5980",0.48,0.62,4,210,2,0,0,0,"sales","medium"
"5981",0.65,0.7,3,243,3,0,0,0,"sales","medium"
"5987",0.57,0.7,3,158,3,0,0,0,"hr","high"
"5989",0.72,0.99,4,227,3,0,0,0,"hr","high"
"5990",0.43,0.46,4,169,5,0,0,0,"technical","high"
"5993",0.91,0.66,4,139,3,0,0,0,"technical","high"
"5997",1,0.94,3,272,3,0,0,0,"technical","low"
"6006",0.51,0.86,4,196,2,0,0,0,"support","low"
"6007",0.18,0.51,6,227,2,0,0,0,"support","low"
"6009",0.65,0.85,3,213,2,0,0,0,"support","low"
"6012",0.56,0.76,3,237,3,0,0,0,"technical","medium"
"6013",0.17,0.94,5,273,4,0,0,0,"technical","medium"
"6016",0.51,0.54,3,154,3,1,0,0,"IT","medium"
"6017",0.76,0.59,3,201,6,1,0,0,"IT","medium"
"6018",0.82,0.59,3,178,2,0,0,0,"IT","medium"
"6019",0.44,0.66,3,161,3,0,0,0,"IT","medium"
"6023",0.77,0.66,6,181,4,0,0,0,"product_mng","high"
"6025",0.52,0.62,3,275,2,0,0,0,"IT","high"
"6032",0.23,0.88,5,156,4,0,0,0,"sales","low"
"6035",0.76,0.58,4,188,3,0,0,0,"technical","low"
"6036",0.83,0.8,4,149,3,0,0,0,"management","low"
"6038",0.67,1,3,201,4,0,0,0,"marketing","medium"
"6042",0.96,0.68,5,145,3,1,0,0,"sales","medium"
"6043",0.72,0.76,3,269,3,1,0,0,"sales","medium"
"6044",0.58,0.62,3,213,2,0,0,0,"sales","medium"
"6050",0.56,0.41,2,194,2,0,0,0,"sales","medium"
"6051",0.53,0.74,5,181,2,0,0,0,"sales","medium"
"6052",0.62,0.57,4,215,3,0,0,0,"sales","medium"
"6054",0.76,0.85,4,190,3,0,0,0,"sales","medium"
"6056",0.35,0.67,2,171,3,0,0,0,"sales","medium"
"6058",0.63,0.49,3,252,3,0,0,0,"sales","medium"
"6060",0.7,0.93,3,185,4,0,0,0,"accounting","medium"
"6063",0.96,0.8,4,145,2,0,0,0,"hr","medium"
"6067",0.85,0.88,5,236,4,0,0,0,"technical","medium"
"6070",0.54,0.64,6,278,2,0,0,0,"technical","medium"
"6075",0.72,0.73,3,198,2,0,0,0,"technical","low"
"6081",0.31,0.61,4,97,2,0,0,0,"support","low"
"6087",0.15,0.9,5,284,4,0,0,0,"support","low"
"6090",0.87,0.81,5,236,3,0,0,0,"technical","medium"
"6091",0.54,0.75,4,199,2,0,0,0,"management","medium"
"6094",0.7,0.68,4,143,5,0,0,0,"IT","high"
"6095",0.53,0.5,5,159,2,0,0,0,"IT","medium"
"6098",0.62,0.7,5,180,4,0,0,0,"product_mng","high"
"6100",0.87,0.98,4,266,2,1,0,0,"product_mng","high"
"6104",1,0.8,3,223,3,0,0,0,"RandD","medium"
"6107",0.61,0.52,4,171,2,0,0,0,"marketing","low"
"6111",0.86,0.56,5,237,3,0,0,0,"technical","low"
"6112",0.15,0.44,3,199,2,0,0,0,"management","low"
"6114",0.7,0.98,4,146,3,0,0,0,"marketing","low"
"6116",0.63,0.86,4,169,2,0,0,0,"sales","high"
"6117",0.45,0.75,4,169,2,0,0,0,"sales","low"
"6126",0.79,0.48,5,200,3,0,0,0,"sales","low"
"6127",0.47,0.56,4,165,3,0,0,0,"sales","medium"
"6132",0.52,0.63,3,269,2,0,0,0,"sales","medium"
"6133",0.76,0.37,3,127,4,0,0,0,"sales","medium"
"6139",0.53,0.84,4,219,2,0,0,0,"hr","high"
"6141",0.98,0.77,4,184,3,0,0,0,"hr","medium"
"6142",0.85,0.6,5,178,2,0,0,0,"technical","medium"
"6145",0.96,0.77,3,193,3,0,0,0,"technical","medium"
"6146",0.86,0.85,3,254,3,0,0,0,"technical","medium"
"6148",0.99,0.97,5,229,2,0,0,0,"technical","medium"
"6149",0.52,0.92,4,112,2,0,0,0,"technical","medium"
"6150",0.75,0.91,4,243,3,0,0,0,"technical","high"
"6151",0.67,0.66,3,151,3,0,0,0,"technical","low"
"6152",0.49,0.37,4,216,4,0,0,0,"technical","low"
"6155",0.73,0.8,4,251,2,1,0,0,"support","low"
"6157",0.94,0.82,4,159,2,1,0,0,"support","low"
"6159",0.6,0.79,5,154,2,0,0,0,"support","low"
"6164",0.74,0.84,3,239,3,0,0,0,"technical","low"
"6166",0.27,0.39,4,193,4,0,0,0,"technical","medium"
"6167",0.86,0.74,2,178,3,0,0,0,"management","medium"
"6168",0.5,0.59,3,260,3,0,0,0,"IT","medium"
"6169",0.82,0.5,3,198,4,0,0,0,"IT","medium"
"6171",0.7,0.72,4,202,3,0,0,0,"IT","medium"
"6173",0.72,0.95,2,178,4,1,0,0,"product_mng","medium"
"6180",0.63,0.71,5,141,2,0,0,0,"RandD","medium"
"6181",0.6,0.96,4,99,6,0,0,0,"RandD","medium"
"6184",0.74,0.62,3,216,3,1,0,0,"sales","low"
"6191",0.18,0.57,6,238,6,1,0,0,"marketing","low"
"6197",0.54,0.53,3,251,2,0,0,0,"sales","low"
"6198",0.15,0.39,5,229,4,0,0,0,"sales","low"
"6205",0.49,0.68,4,201,4,0,0,0,"sales","medium"
"6207",0.48,0.84,3,146,2,1,0,0,"sales","medium"
"6213",0.72,0.66,3,167,3,0,0,0,"accounting","medium"
"6216",0.55,0.98,2,144,2,0,0,0,"hr","medium"
"6218",0.8,0.55,3,206,2,0,0,0,"technical","low"
"6225",0.79,0.96,4,180,3,0,0,0,"technical","low"
"6235",0.69,0.51,3,176,2,0,0,0,"support","low"
"6242",0.84,0.68,4,151,2,0,0,0,"technical","low"
"6248",1,0.73,5,142,4,0,0,0,"IT","medium"
"6253",0.6,0.71,5,263,2,1,0,0,"IT","medium"
"6257",0.82,0.84,5,173,2,0,0,0,"RandD","low"
"6258",0.19,0.63,5,206,6,0,0,0,"RandD","medium"
"6263",0.88,0.67,4,226,2,0,0,0,"technical","low"
"6266",0.99,0.55,4,179,4,0,0,0,"marketing","low"
"6269",0.96,0.51,4,237,3,0,0,0,"sales","low"
"6270",0.49,0.69,4,270,3,0,0,0,"sales","low"
"6276",0.64,0.5,3,261,2,0,0,0,"sales","low"
"6281",0.77,0.48,4,258,4,1,0,0,"sales","low"
"6283",0.98,0.66,3,204,2,0,0,0,"sales","medium"
"6289",0.81,0.88,4,149,3,0,0,0,"accounting","medium"
"6290",0.61,0.69,3,224,3,0,0,0,"hr","medium"
"6291",0.3,0.57,2,158,2,0,0,0,"hr","medium"
"6292",0.59,0.72,2,107,3,0,0,0,"hr","medium"
"6296",0.63,0.53,4,243,2,0,0,0,"technical","low"
"6297",0.77,0.68,5,162,4,1,0,0,"technical","medium"
"6299",0.6,0.85,5,187,4,0,0,0,"technical","medium"
"6300",0.83,0.72,3,259,2,0,0,0,"technical","medium"
"6302",0.84,0.56,5,97,6,0,0,0,"technical","low"
"6304",0.74,0.92,4,258,3,1,0,0,"technical","low"
"6305",0.63,0.64,3,208,2,1,0,0,"support","low"
"6307",1,0.81,3,168,4,0,0,0,"support","low"
"6311",0.67,0.54,3,213,4,0,0,0,"support","low"
"6312",0.8,0.88,5,199,4,0,0,0,"support","low"
"6315",0.98,1,4,202,3,0,0,0,"support","low"
"6317",0.78,0.5,4,155,4,0,0,0,"technical","low"
"6318",0.42,0.91,3,209,2,0,0,0,"technical","low"
"6324",0.97,0.64,3,237,3,0,0,0,"IT","medium"
"6325",0.48,0.6,4,230,3,0,0,0,"product_mng","medium"
"6327",0.71,0.74,4,206,4,0,0,0,"product_mng","medium"
"6328",1,0.84,3,185,3,0,0,0,"product_mng","medium"
"6330",0.95,0.37,6,233,5,0,0,0,"RandD","medium"
"6332",0.75,0.49,2,173,3,1,0,0,"RandD","low"
"6337",0.49,0.78,3,264,4,0,0,0,"accounting","low"
"6339",0.88,0.54,3,235,2,1,0,0,"technical","low"
"6340",0.8,0.97,4,232,2,0,0,0,"management","low"
"6343",0.58,0.78,5,211,3,1,0,0,"marketing","low"
"6353",0.96,0.97,5,240,2,0,0,0,"sales","low"
"6359",0.81,0.98,5,243,6,0,0,0,"sales","medium"
"6364",0.99,0.77,5,222,2,0,0,0,"accounting","medium"
"6365",0.73,0.54,3,283,6,0,0,0,"accounting","medium"
"6368",0.44,0.44,3,126,2,0,0,0,"hr","medium"
"6370",0.91,0.81,4,139,2,0,0,0,"technical","high"
"6373",0.37,0.59,3,134,3,0,0,0,"technical","medium"
"6381",0.6,0.63,5,267,3,0,0,0,"support","low"
"6385",0.38,0.78,4,159,5,0,0,0,"support","low"
"6390",0.85,0.73,4,174,3,0,0,0,"support","low"
"6391",0.94,0.62,4,191,3,0,0,0,"support","low"
"6392",0.59,0.59,4,270,2,0,0,0,"technical","low"
"6399",0.66,0.7,5,254,2,0,0,0,"IT","medium"
"6403",0.8,0.85,4,139,2,0,0,0,"product_mng","medium"
"6405",0.54,0.57,3,257,2,0,0,0,"IT","medium"
"6406",0.88,0.84,4,170,2,0,0,0,"RandD","medium"
"6408",0.77,0.58,2,247,2,1,0,0,"RandD","medium"
"6412",0.59,0.75,4,190,2,0,0,0,"sales","medium"
"6422",0.24,0.91,5,177,5,0,0,0,"sales","low"
"6425",0.5,0.89,3,187,4,1,0,0,"sales","medium"
"6429",0.9,0.98,5,148,4,0,0,0,"sales","medium"
"6432",0.73,0.95,3,222,4,0,0,0,"sales","medium"
"6437",0.29,0.86,3,251,4,0,0,0,"sales","medium"
"6438",0.53,0.63,4,259,2,0,0,0,"sales","medium"
"6440",0.18,0.92,5,251,4,0,0,0,"accounting","medium"
"6441",0.14,0.74,4,117,5,0,0,0,"accounting","medium"
"6444",0.34,0.56,3,139,2,0,0,0,"hr","medium"
"6450",0.88,0.99,3,190,5,0,0,0,"technical","high"
"6451",0.6,0.87,3,196,3,1,0,0,"technical","high"
"6452",0.72,0.8,3,213,3,0,0,0,"technical","high"
"6468",0.77,0.75,3,272,3,0,0,0,"technical","low"
"6469",0.41,0.96,5,167,3,1,0,0,"technical","low"
"6470",0.59,0.67,3,180,2,0,0,0,"technical","low"
"6477",0.56,0.98,4,207,3,0,0,0,"product_mng","medium"
"6479",0.59,0.83,3,240,3,1,0,0,"product_mng","medium"
"6482",0.77,0.74,2,187,6,0,0,0,"RandD","medium"
"6484",0.99,0.56,5,210,2,0,0,0,"RandD","medium"
"6485",0.23,0.78,4,163,6,0,0,0,"RandD","medium"
"6489",0.53,0.73,5,174,3,0,0,0,"accounting","high"
"6500",0.85,0.73,4,260,4,0,0,0,"sales","low"
"6507",0.94,0.99,3,207,2,0,0,0,"sales","medium"
"6510",1,0.95,3,275,3,1,0,0,"sales","medium"
"6511",0.62,0.77,3,271,2,0,0,0,"sales","medium"
"6517",0.69,0.67,4,274,4,0,0,0,"accounting","medium"
"6522",0.72,0.83,3,132,2,0,0,0,"technical","medium"
"6533",0.75,0.79,4,176,4,1,0,0,"support","medium"
"6538",0.49,0.63,3,245,4,0,0,0,"support","low"
"6540",0.95,0.58,4,131,5,0,0,0,"support","low"
"6542",0.67,0.65,5,242,3,0,0,0,"support","low"
"6543",0.71,0.6,2,251,3,0,0,0,"support","low"
"6547",0.85,0.65,3,187,2,0,0,0,"management","high"
"6548",0.15,0.78,5,255,3,0,0,0,"IT","high"
"6549",0.48,0.87,3,267,2,0,0,0,"IT","low"
"6557",0.3,0.53,3,148,4,0,0,0,"IT","medium"
"6558",0.8,0.8,3,175,2,0,0,0,"RandD","medium"
"6559",0.66,0.84,3,211,4,0,0,0,"RandD","high"
"6561",0.57,0.59,4,206,3,0,0,0,"RandD","medium"
"6564",0.78,0.54,3,134,3,0,0,0,"sales","medium"
"6565",0.88,0.89,2,201,3,0,0,0,"accounting","high"
"6567",0.91,0.82,4,259,3,0,0,0,"technical","medium"
"6569",0.63,0.98,4,228,3,0,0,0,"marketing","medium"
"6570",0.62,0.36,2,137,4,1,0,0,"marketing","medium"
"6574",0.57,0.65,4,162,3,1,0,0,"sales","low"
"6576",0.77,0.67,5,207,2,0,0,0,"sales","low"
"6580",0.72,0.63,4,207,3,0,0,0,"sales","low"
"6588",0.75,0.72,5,260,3,0,0,0,"sales","low"
"6589",0.47,0.71,2,241,4,0,0,0,"sales","low"
"6592",0.8,0.91,5,242,3,1,0,0,"accounting","medium"
"6593",0.82,0.52,5,225,2,0,0,0,"accounting","high"
"6594",0.8,0.98,3,161,3,0,0,0,"hr","medium"
"6595",0.98,0.98,4,259,2,0,0,0,"hr","high"
"6597",0.88,0.61,3,236,3,0,0,0,"hr","medium"
"6598",0.9,0.97,4,239,4,0,0,0,"technical","medium"
"6600",0.99,0.62,5,133,3,0,0,0,"technical","medium"
"6604",0.46,0.38,6,140,3,0,0,0,"technical","high"
"6607",0.63,0.5,4,167,3,1,0,0,"technical","medium"
"6616",0.52,0.98,4,272,2,0,0,0,"support","low"
"6618",0.68,0.73,4,197,3,0,0,0,"support","low"
"6620",0.75,0.85,4,181,3,0,0,0,"technical","low"
"6628",0.61,0.59,3,162,2,1,0,0,"IT","low"
"6630",0.32,0.55,4,283,4,0,0,0,"product_mng","low"
"6633",0.95,0.74,3,139,2,0,0,0,"IT","medium"
"6639",0.78,0.76,3,238,3,0,0,0,"marketing","medium"
"6640",0.77,0.71,3,134,3,0,0,0,"marketing","medium"
"6643",0.51,0.76,2,239,3,0,0,0,"support","high"
"6645",0.64,0.9,5,279,5,0,0,0,"management","medium"
"6646",0.73,0.94,4,213,3,1,0,0,"marketing","medium"
"6648",0.84,0.54,3,265,2,0,0,0,"marketing","medium"
"6651",0.24,0.83,3,208,5,0,0,0,"sales","low"
"6653",0.13,0.88,3,146,5,0,0,0,"sales","low"
"6659",0.95,0.67,3,153,2,0,0,0,"sales","low"
"6663",0.62,0.75,4,216,2,0,0,0,"sales","low"
"6666",0.52,0.86,6,103,4,0,0,0,"sales","low"
"6675",0.65,0.54,4,260,3,0,0,0,"technical","medium"
"6677",0.52,0.53,5,182,2,0,0,0,"technical","medium"
"6683",0.18,0.46,4,249,4,0,0,0,"technical","low"
"6685",0.63,0.86,6,206,6,0,0,0,"technical","medium"
"6686",0.83,0.86,4,139,3,0,0,0,"support","medium"
"6691",0.92,0.74,3,137,2,0,0,0,"support","low"
"6694",0.79,0.72,3,216,4,0,0,0,"support","low"
"6696",0.95,0.47,6,215,4,0,0,0,"support","low"
"6697",0.77,0.9,4,163,3,0,0,0,"technical","low"
"6698",0.55,0.72,4,273,3,0,0,0,"technical","low"
"6699",0.42,0.91,2,176,3,0,0,0,"technical","low"
"6702",0.66,0.72,4,223,4,0,0,0,"IT","low"
"6704",0.87,0.74,5,248,2,0,0,0,"IT","low"
"6707",0.86,0.86,4,227,2,0,0,0,"product_mng","low"
"6711",0.49,0.91,5,231,3,0,0,0,"RandD","medium"
"6712",0.76,0.62,4,190,3,0,0,0,"RandD","medium"
"6713",0.89,0.52,3,190,3,0,0,0,"RandD","medium"
"6714",0.83,0.86,3,179,2,0,0,0,"RandD","medium"
"6718",0.87,0.49,2,251,3,0,0,0,"sales","medium"
"6719",0.66,0.75,4,200,4,0,0,0,"accounting","medium"
"6724",0.65,0.96,5,226,2,1,0,0,"marketing","medium"
"6728",0.85,0.85,3,182,3,0,0,0,"sales","low"
"6734",0.96,0.62,5,185,3,0,0,0,"sales","low"
"6744",0.48,0.98,4,174,3,0,0,0,"sales","low"
"6745",0.83,0.74,3,259,3,1,0,0,"accounting","low"
"6749",0.98,0.74,4,139,3,0,0,0,"hr","medium"
"6756",0.99,0.92,3,154,3,0,0,0,"technical","medium"
"6758",0.79,0.5,4,151,3,1,0,0,"technical","medium"
"6759",0.64,0.41,3,231,6,0,0,0,"technical","medium"
"6760",0.22,0.57,5,174,6,0,0,0,"technical","high"
"6762",0.56,0.97,3,270,3,1,0,0,"technical","medium"
"6763",0.85,0.8,4,158,3,0,0,0,"support","medium"
"6765",0.86,0.53,3,163,3,0,0,0,"support","medium"
"6783",0.66,0.85,5,271,4,0,0,0,"product_mng","low"
"6786",0.64,0.94,3,148,2,0,0,0,"product_mng","medium"
"6788",0.96,0.85,5,171,2,0,0,0,"RandD","medium"
"6792",0.61,0.72,4,182,2,1,0,0,"RandD","medium"
"6797",0.56,0.76,4,206,2,1,0,0,"support","low"
"6798",0.13,0.49,6,227,4,0,0,0,"technical","medium"
"6804",0.28,0.83,4,162,3,0,0,0,"sales","low"
"6810",0.97,1,3,198,2,0,0,0,"sales","low"
"6811",0.55,0.9,4,191,3,0,0,0,"sales","low"
"6818",0.26,0.45,5,187,2,0,0,0,"sales","low"
"6819",0.87,0.92,4,141,3,0,0,0,"sales","low"
"6821",0.91,0.95,3,189,2,0,0,0,"sales","low"
"6822",0.71,0.77,3,193,3,1,0,0,"accounting","low"
"6831",0.56,0.77,5,238,4,0,0,0,"technical","medium"
"6841",0.85,0.7,3,188,2,0,0,0,"support","low"
"6842",0.9,0.48,3,213,3,0,0,0,"support","low"
"6846",0.87,0.72,3,201,3,0,0,0,"support","low"
"6853",0.53,0.77,2,271,2,0,0,0,"technical","low"
"6860",0.54,0.73,4,266,3,0,0,0,"product_mng","low"
"6861",0.13,0.93,4,253,5,1,0,0,"product_mng","low"
"6863",0.73,0.56,3,215,3,0,0,0,"product_mng","medium"
"6868",0.81,0.8,3,183,2,1,0,0,"RandD","medium"
"6869",0.51,0.74,3,271,4,0,0,0,"RandD","medium"
"6871",0.49,0.66,3,169,3,0,0,0,"marketing","medium"
"6873",0.66,0.86,4,112,6,0,0,0,"accounting","medium"
"6876",0.8,0.74,5,181,4,1,0,0,"management","medium"
"6889",0.7,0.63,3,157,4,0,0,0,"sales","medium"
"6896",0.69,0.91,4,128,3,1,0,0,"sales","medium"
"6899",0.36,0.4,3,160,3,0,0,0,"accounting","medium"
"6901",0.79,0.74,4,222,2,0,0,0,"accounting","medium"
"6903",0.88,0.88,3,220,4,0,0,0,"hr","medium"
"6907",0.69,0.91,3,167,2,0,0,0,"technical","medium"
"6913",0.92,0.67,4,241,3,0,0,0,"technical","high"
"6914",0.24,0.48,4,145,3,1,0,0,"technical","high"
"6920",0.53,0.49,3,191,3,0,0,0,"support","high"
"6923",0.48,0.41,5,286,3,0,0,0,"support","high"
"6926",0.35,0.54,3,138,4,0,0,0,"support","low"
"6927",0.65,0.62,4,235,3,0,0,0,"support","low"
"6928",0.8,0.5,4,125,3,0,0,0,"technical","low"
"6934",0.87,0.97,4,160,3,0,0,0,"IT","low"
"6938",0.79,0.96,4,170,2,0,0,0,"product_mng","low"
"6945",0.87,0.48,4,133,2,0,0,0,"RandD","medium"
"6947",0.59,0.75,3,168,3,0,0,0,"RandD","medium"
"6948",0.64,0.75,4,172,4,0,0,0,"marketing","medium"
"6954",0.54,0.81,3,145,2,0,0,0,"marketing","high"
"6957",0.79,0.75,4,168,3,0,0,0,"sales","high"
"6958",0.96,0.37,3,111,2,0,0,0,"sales","high"
"6961",0.64,0.79,3,253,2,0,0,0,"sales","low"
"6965",0.89,0.81,3,268,3,0,0,0,"sales","low"
"6966",0.61,0.58,6,146,3,0,0,0,"sales","low"
"6976",0.8,0.84,3,203,3,1,0,0,"accounting","medium"
"6978",0.81,0.86,5,159,2,0,0,0,"accounting","medium"
"6979",0.8,0.74,3,159,2,0,0,0,"hr","medium"
"6981",0.66,0.98,4,225,2,1,0,0,"hr","medium"
"6982",0.79,0.89,3,252,2,0,0,0,"hr","medium"
"6985",0.87,0.94,3,217,3,0,0,0,"technical","medium"
"6986",0.49,0.57,4,145,2,0,0,0,"technical","medium"
"6987",0.3,0.44,5,128,4,1,0,0,"technical","medium"
"6989",0.61,0.97,4,256,4,0,0,0,"technical","medium"
"6999",0.54,0.77,3,185,3,0,0,0,"support","medium"
"7000",0.9,0.69,3,231,4,0,0,0,"support","medium"
"7012",0.99,0.94,3,244,3,0,0,0,"IT","high"
"7013",0.76,0.84,5,137,4,0,0,0,"IT","high"
"7015",0.21,0.62,4,247,3,1,0,0,"product_mng","low"
"7017",0.58,0.51,2,100,2,0,0,0,"product_mng","low"
"7023",0.85,0.99,3,201,3,0,0,0,"RandD","medium"
"7028",0.65,0.59,3,167,2,0,0,0,"technical","high"
"7033",0.6,0.52,4,190,3,0,0,0,"sales","medium"
"7035",0.53,0.41,2,148,2,1,0,0,"sales","medium"
"7037",0.97,0.82,4,176,2,0,0,0,"sales","low"
"7039",0.96,0.93,3,156,3,0,0,0,"sales","low"
"7044",0.57,0.86,3,258,2,0,0,0,"sales","low"
"7048",0.92,0.82,4,207,4,0,0,0,"sales","low"
"7053",0.73,0.63,3,172,4,1,0,0,"accounting","low"
"7060",0.56,0.66,5,216,2,0,0,0,"technical","high"
"7061",0.84,0.62,4,152,3,0,0,0,"technical","medium"
"7066",0.53,0.83,3,267,4,0,0,0,"technical","medium"
"7074",0.55,0.91,3,243,4,0,0,0,"support","medium"
"7078",0.9,0.85,4,279,6,0,0,0,"support","medium"
"7080",0.38,0.64,5,160,3,0,0,0,"support","high"
"7081",0.97,0.95,4,173,2,0,0,0,"technical","low"
"7082",0.7,1,4,261,3,0,0,0,"technical","low"
"7087",0.57,0.91,4,252,4,0,0,0,"IT","low"
"7088",0.94,0.8,5,170,4,0,0,0,"IT","high"
"7092",0.96,1,5,148,3,0,0,0,"product_mng","low"
"7093",0.29,0.95,5,117,4,0,0,0,"product_mng","low"
"7095",0.56,0.64,3,262,2,1,0,0,"RandD","low"
"7098",0.58,0.96,3,192,4,0,0,0,"RandD","medium"
"7116",0.9,0.64,4,217,3,0,0,0,"sales","low"
"7117",0.77,0.51,4,142,4,0,0,0,"sales","low"
"7125",0.83,0.78,3,257,2,0,0,0,"sales","low"
"7128",0.13,0.53,6,173,4,0,0,0,"sales","low"
"7130",0.98,0.74,4,202,3,0,0,0,"accounting","low"
"7136",0.33,0.61,2,163,3,0,0,0,"technical","medium"
"7137",0.3,0.86,6,232,3,0,0,0,"technical","medium"
"7146",0.53,0.51,6,272,5,0,0,0,"technical","medium"
"7147",0.5,0.5,4,184,3,0,0,0,"support","high"
"7149",0.33,0.38,4,186,3,0,0,0,"support","medium"
"7151",0.7,0.9,3,224,3,0,0,0,"support","medium"
"7155",0.56,0.54,3,232,2,0,0,0,"support","low"
"7158",0.89,0.75,3,167,2,0,0,0,"technical","low"
"7162",0.76,0.56,4,137,3,0,0,0,"IT","low"
"7164",0.85,0.76,4,262,2,0,0,0,"IT","low"
"7170",0.21,0.98,6,208,5,1,0,0,"product_mng","low"
"7174",1,0.61,5,264,3,0,0,0,"RandD","medium"
"7175",0.67,0.54,5,157,2,0,0,0,"RandD","medium"
"7178",0.84,0.99,3,144,4,0,0,0,"sales","medium"
"7181",0.52,0.74,4,174,3,0,0,0,"technical","medium"
"7182",0.46,0.88,5,169,3,0,0,0,"management","medium"
"7199",0.69,0.7,4,169,2,0,0,0,"sales","low"
"7202",0.74,0.64,3,267,5,0,0,0,"sales","low"
"7205",0.59,0.97,3,258,2,0,0,0,"accounting","low"
"7214",0.72,0.73,5,211,2,0,0,0,"technical","medium"
"7215",0.57,0.98,3,236,3,1,0,0,"technical","medium"
"7217",0.72,0.62,4,252,2,1,0,0,"technical","medium"
"7218",0.41,0.48,3,155,2,1,0,0,"technical","medium"
"7219",0.55,0.65,5,138,2,0,0,0,"technical","medium"
"7222",0.78,0.51,3,172,3,0,0,0,"technical","medium"
"7227",0.51,0.53,4,260,2,1,0,0,"support","medium"
"7230",0.79,0.66,3,154,4,0,0,0,"support","medium"
"7234",0.71,0.71,4,221,3,0,0,0,"technical","low"
"7235",0.49,0.6,4,141,3,0,0,0,"technical","low"
"7239",0.18,0.55,5,217,4,0,0,0,"IT","low"
"7243",0.59,0.69,4,226,3,0,0,0,"product_mng","low"
"7245",0.14,0.99,6,251,4,0,0,0,"product_mng","low"
"7246",0.75,0.96,4,150,2,0,0,0,"product_mng","low"
"7247",0.71,0.63,3,249,3,0,0,0,"IT","low"
"7248",0.84,0.52,4,251,3,0,0,0,"RandD","low"
"7259",0.82,0.9,3,227,3,0,0,0,"marketing","medium"
"7260",0.86,0.91,4,182,2,0,0,0,"marketing","medium"
"7261",0.99,0.86,4,196,2,1,0,0,"marketing","high"
"7262",0.58,0.86,4,257,3,0,0,0,"sales","low"
"7276",0.6,0.7,3,147,2,0,0,0,"sales","low"
"7282",0.91,0.98,4,146,3,0,0,0,"accounting","low"
"7283",0.5,0.94,3,262,4,0,0,0,"accounting","low"
"7289",0.71,0.43,2,100,6,0,0,0,"technical","medium"
"7294",0.97,0.64,4,152,2,0,0,0,"technical","medium"
"7311",0.83,0.91,4,210,4,0,0,0,"technical","low"
"7313",0.51,0.78,3,155,2,0,0,0,"management","low"
"7318",0.72,0.98,3,211,2,0,0,0,"IT","low"
"7320",0.81,0.95,3,204,2,0,0,0,"product_mng","low"
"7322",0.74,0.73,3,267,3,0,0,0,"product_mng","low"
"7324",0.36,0.4,2,105,3,0,0,0,"RandD","low"
"7329",0.23,0.96,4,242,6,0,0,0,"marketing","medium"
"7330",0.73,1,4,146,3,0,0,0,"sales","medium"
"7335",0.9,0.98,2,243,3,0,0,0,"marketing","medium"
"7336",0.93,0.67,4,135,3,1,0,0,"marketing","medium"
"7337",0.52,0.75,4,266,3,0,0,0,"marketing","medium"
"7339",0.59,0.76,4,234,3,0,0,0,"sales","high"
"7350",0.71,0.7,4,213,3,0,0,0,"sales","low"
"7351",0.6,0.99,4,160,3,0,0,0,"sales","low"
"7354",0.98,0.69,3,152,2,0,0,0,"sales","medium"
"7359",0.98,0.62,3,203,2,0,0,0,"accounting","medium"
"7360",0.79,0.5,4,252,3,1,0,0,"hr","medium"
"7362",0.97,0.95,3,257,2,0,0,0,"hr","medium"
"7365",0.73,0.79,4,208,5,0,0,0,"technical","medium"
"7366",0.84,0.53,4,206,3,0,0,0,"technical","medium"
"7369",0.73,0.91,4,248,2,1,0,0,"technical","medium"
"7370",0.22,0.9,4,209,5,0,0,0,"technical","medium"
"7373",0.44,0.69,2,173,2,0,0,0,"technical","medium"
"7377",0.24,0.38,6,109,2,0,0,0,"support","medium"
"7380",0.98,0.67,4,189,4,0,0,0,"support","high"
"7384",0.77,0.98,3,273,3,0,0,0,"support","high"
"7386",0.64,0.72,3,185,2,1,0,0,"technical","high"
"7389",0.58,0.65,3,139,4,0,0,0,"management","high"
"7394",0.59,0.8,3,258,3,1,0,0,"IT","low"
"7396",0.63,0.83,4,243,4,0,0,0,"product_mng","low"
"7400",0.7,0.73,3,194,2,0,0,0,"RandD","low"
"7401",0.73,0.36,4,253,2,1,0,0,"RandD","low"
"7403",0.82,0.58,5,227,3,0,0,0,"RandD","low"
"7404",0.44,0.63,3,162,2,0,0,0,"RandD","low"
"7405",0.58,0.9,5,257,3,0,0,0,"marketing","medium"
"7406",0.55,0.97,2,140,2,0,0,0,"sales","medium"
"7418",0.2,0.38,6,212,6,0,0,0,"sales","high"
"7419",0.99,0.57,4,216,3,0,0,0,"sales","high"
"7422",0.97,0.5,4,216,2,0,0,0,"sales","high"
"7423",0.89,0.53,4,208,3,0,0,0,"sales","high"
"7424",0.97,0.7,4,218,2,0,0,0,"sales","high"
"7434",0.2,0.8,6,251,5,0,0,0,"accounting","medium"
"7435",0.57,0.62,5,141,3,0,0,0,"accounting","medium"
"7436",0.23,0.46,4,274,5,1,0,0,"hr","medium"
"7439",0.52,0.7,4,219,3,0,0,0,"hr","medium"
"7441",0.69,0.64,4,190,4,0,0,0,"technical","medium"
"7443",0.91,0.43,4,117,5,1,0,0,"technical","medium"
"7444",0.85,0.96,4,240,6,0,0,0,"technical","medium"
"7451",0.53,0.51,4,174,2,0,0,0,"support","medium"
"7453",0.74,0.56,3,125,6,0,0,0,"support","medium"
"7457",0.99,0.86,3,166,2,0,0,0,"support","low"
"7459",0.7,0.79,4,240,2,0,0,0,"support","medium"
"7474",0.83,0.92,4,187,6,1,0,0,"product_mng","low"
"7476",0.75,0.57,3,158,2,1,0,0,"RandD","low"
"7477",0.65,0.48,4,229,3,0,0,0,"RandD","high"
"7489",0.14,0.93,4,180,4,0,0,0,"marketing","high"
"7490",0.49,0.91,3,227,3,0,0,0,"sales","medium"
"7494",0.82,0.63,3,171,3,0,0,0,"sales","medium"
"7495",0.67,0.87,3,177,4,0,0,0,"sales","high"
"7497",0.57,0.39,2,145,3,0,0,0,"sales","medium"
"7499",0.97,0.94,3,202,2,0,0,0,"sales","medium"
"7502",0.62,0.51,4,208,2,1,0,0,"sales","low"
"7503",0.96,0.61,4,199,3,0,0,0,"sales","low"
"7508",0.29,0.38,6,105,5,0,0,0,"sales","low"
"7509",0.76,0.81,4,193,3,1,0,0,"accounting","low"
"7510",0.39,0.58,3,152,3,1,0,0,"accounting","low"
"7515",0.87,0.75,3,222,3,0,0,0,"hr","low"
"7518",0.44,0.53,3,132,3,1,0,0,"technical","low"
"7521",0.91,0.74,6,253,2,0,0,0,"technical","low"
"7523",0.82,0.59,5,143,2,1,0,0,"technical","high"
"7525",0.92,0.84,3,220,3,1,0,0,"technical","high"
"7531",0.55,0.76,4,257,3,0,0,0,"support","medium"
"7532",0.82,0.52,5,233,2,0,0,0,"support","medium"
"7535",0.72,0.52,3,143,4,1,0,0,"support","low"
"7540",0.61,0.66,2,111,3,0,0,0,"technical","medium"
"7549",0.96,0.78,3,209,2,0,0,0,"product_mng","high"
"7555",0.8,0.68,3,160,3,0,0,0,"RandD","low"
"7561",0.31,0.62,2,139,3,0,0,0,"technical","medium"
"7562",0.71,0.59,5,245,2,0,0,0,"management","medium"
"7566",0.95,0.77,3,184,4,0,0,0,"sales","medium"
"7567",0.65,0.85,4,204,3,0,0,0,"sales","medium"
"7574",0.94,0.74,4,224,5,0,0,0,"sales","low"
"7576",0.17,0.71,5,257,4,1,0,0,"sales","medium"
"7577",0.66,0.83,4,234,4,0,0,0,"sales","medium"
"7580",0.41,0.75,4,199,3,0,0,0,"sales","low"
"7581",0.98,0.99,3,235,3,0,0,0,"sales","low"
"7585",0.51,0.98,4,269,3,0,0,0,"accounting","low"
"7587",0.81,0.87,5,241,3,0,0,0,"accounting","low"
"7589",0.53,0.55,5,224,2,1,0,0,"hr","low"
"7598",1,0.67,3,181,2,0,0,0,"technical","low"
"7600",0.57,0.67,3,207,2,0,0,0,"technical","medium"
"7602",0.91,0.59,4,133,4,0,0,0,"technical","medium"
"7604",0.58,0.95,4,173,3,0,0,0,"support","medium"
"7606",0.96,0.95,3,236,2,0,0,0,"support","medium"
"7607",0.57,0.98,3,188,5,0,0,0,"support","medium"
"7608",0.77,0.73,3,269,2,0,0,0,"support","medium"
"7610",0.85,0.75,3,214,3,0,0,0,"support","medium"
"7611",0.49,0.83,2,185,6,0,0,0,"support","medium"
"7613",1,0.99,4,184,4,0,0,0,"support","low"
"7623",0.59,0.65,4,177,2,0,0,0,"product_mng","low"
"7632",0.77,0.62,5,190,3,0,0,0,"RandD","low"
"7634",0.6,0.77,3,202,3,0,0,0,"sales","low"
"7635",0.75,0.9,4,185,3,0,0,0,"accounting","low"
"7637",0.69,0.94,4,239,3,0,0,0,"technical","low"
"7638",0.87,0.98,4,238,3,1,0,0,"management","low"
"7641",0.87,0.64,2,148,6,1,0,0,"marketing","medium"
"7642",0.71,0.77,3,149,2,0,0,0,"sales","medium"
"7644",0.75,0.53,5,235,3,0,0,0,"sales","medium"
"7648",0.34,0.55,3,136,2,1,0,0,"sales","medium"
"7654",0.96,0.72,3,195,2,0,0,0,"sales","medium"
"7656",0.2,0.48,4,156,4,1,0,0,"sales","medium"
"7662",0.96,0.86,4,268,3,0,0,0,"accounting","low"
"7663",0.82,0.92,3,257,2,0,0,0,"accounting","low"
"7666",0.46,0.47,6,101,5,0,0,0,"hr","low"
"7668",0.91,0.55,3,223,4,1,0,0,"technical","low"
"7669",0.6,0.68,4,271,4,0,0,0,"technical","low"
"7670",0.82,0.51,3,210,2,0,0,0,"technical","low"
"7671",0.67,0.56,4,241,3,0,0,0,"technical","low"
"7673",0.73,0.62,5,186,4,0,0,0,"technical","low"
"7676",0.56,0.99,3,209,2,0,0,0,"technical","low"
"7677",0.87,0.57,4,175,2,1,0,0,"technical","low"
"7687",0.67,0.92,4,156,2,0,0,0,"support","medium"
"7688",0.26,0.7,3,238,6,0,0,0,"support","medium"
"7693",0.36,0.77,4,252,2,0,0,0,"management","medium"
"7695",0.72,0.76,3,261,4,0,0,0,"IT","medium"
"7714",0.64,0.78,4,159,4,0,0,0,"management","medium"
"7719",0.93,0.76,3,212,3,0,0,0,"sales","medium"
"7721",0.58,0.63,4,171,3,0,0,0,"sales","medium"
"7722",0.59,0.6,3,149,4,0,0,0,"sales","medium"
"7723",0.2,0.9,5,228,6,0,0,0,"sales","medium"
"7726",0.16,0.72,4,192,6,0,0,0,"sales","high"
"7728",0.61,0.47,2,149,3,0,0,0,"sales","medium"
"7732",0.73,0.62,3,181,3,0,0,0,"sales","low"
"7735",0.34,0.78,5,137,4,0,0,0,"sales","low"
"7738",0.26,0.69,4,180,3,1,0,0,"accounting","low"
"7739",0.78,0.53,4,177,2,0,0,0,"accounting","low"
"7741",0.5,0.53,3,191,2,1,0,0,"hr","low"
"7744",0.85,0.52,4,174,2,0,0,0,"technical","low"
"7753",0.13,0.74,6,132,4,1,0,0,"technical","medium"
"7756",0.66,0.72,3,135,2,0,0,0,"support","medium"
"7758",0.45,0.48,5,287,5,0,0,0,"support","medium"
"7762",0.49,0.79,5,206,2,0,0,0,"support","medium"
"7764",0.92,0.65,4,135,3,0,0,0,"support","medium"
"7766",0.36,0.61,4,166,4,0,0,0,"technical","low"
"7768",0.68,0.65,4,134,3,0,0,0,"technical","medium"
"7774",0.36,0.62,4,111,6,0,0,0,"IT","low"
"7777",0.83,0.9,3,179,2,1,0,0,"product_mng","low"
"7781",0.31,0.59,4,138,2,0,0,0,"RandD","low"
"7783",0.38,0.51,2,120,3,0,0,0,"RandD","low"
"7786",0.65,0.74,4,237,3,1,0,0,"sales","low"
"7788",0.54,0.97,4,258,3,0,0,0,"support","low"
"7792",0.33,0.4,6,214,6,0,0,0,"marketing","medium"
"7801",0.61,0.6,4,121,2,0,0,0,"sales","medium"
"7807",0.12,0.82,5,162,4,1,0,0,"sales","medium"
"7812",0.94,0.55,3,160,3,0,0,0,"sales","low"
"7813",0.89,0.76,4,133,2,0,0,0,"accounting","low"
"7819",0.76,0.9,3,279,6,0,0,0,"hr","medium"
"7836",0.99,0.9,4,181,3,0,0,0,"support","medium"
"7838",0.14,0.98,5,172,5,0,0,0,"support","medium"
"7849",0.94,0.73,5,142,2,1,0,0,"IT","high"
"7854",0.86,0.64,4,147,2,1,0,0,"product_mng","high"
"7855",0.3,0.39,3,193,3,1,0,0,"IT","low"
"7859",0.4,0.61,3,165,2,0,0,0,"RandD","low"
"7863",0.68,1,3,205,4,0,0,0,"accounting","low"
"7868",0.57,0.52,4,252,2,0,0,0,"marketing","low"
"7869",0.33,0.72,2,173,2,0,0,0,"marketing","low"
"7875",0.86,0.64,4,263,3,0,0,0,"sales","medium"
"7877",0.16,0.76,6,218,6,0,0,0,"sales","medium"
"7880",0.51,0.67,4,133,3,0,0,0,"sales","medium"
"7886",0.72,0.6,3,265,2,1,0,0,"sales","high"
"7893",0.35,0.56,4,142,2,0,0,0,"hr","low"
"7903",0.64,0.78,5,200,3,0,0,0,"technical","medium"
"7904",0.6,0.85,2,226,2,1,0,0,"technical","medium"
"7906",0.54,0.62,2,141,2,0,0,0,"technical","medium"
"7914",0.84,0.98,4,134,5,1,0,0,"support","medium"
"7915",0.92,0.79,3,243,4,0,0,0,"support","medium"
"7916",0.75,0.93,5,210,3,0,0,0,"support","medium"
"7918",0.7,0.75,4,204,3,0,0,0,"technical","medium"
"7920",0.8,1,3,177,2,0,0,0,"technical","medium"
"7932",0.42,0.48,5,191,5,0,0,0,"RandD","medium"
"7934",0.49,0.59,4,265,3,0,0,0,"RandD","low"
"7939",0.49,0.63,3,175,2,0,0,0,"accounting","low"
"7943",0.81,0.52,4,221,6,0,0,0,"marketing","high"
"7947",0.73,0.68,5,133,2,0,0,0,"sales","low"
"7949",0.77,0.48,3,204,6,0,0,0,"sales","high"
"7951",0.21,0.93,4,189,2,1,0,0,"sales","medium"
"7955",0.96,0.9,5,198,2,0,0,0,"sales","medium"
"7961",0.85,0.59,5,236,3,0,0,0,"sales","low"
"7962",0.9,0.62,5,225,2,0,0,0,"sales","medium"
"7963",0.74,0.54,4,167,2,0,0,0,"sales","medium"
"7972",0.8,0.77,5,256,2,0,0,0,"technical","low"
"7973",0.53,0.7,4,243,3,0,0,0,"technical","low"
"7975",0.64,0.99,3,167,2,0,0,0,"technical","low"
"7978",1,0.6,4,265,4,0,0,0,"technical","low"
"7985",0.56,0.61,3,250,2,0,0,0,"support","high"
"7987",0.59,0.67,4,271,2,0,0,0,"support","medium"
"7989",0.98,0.87,3,239,4,0,0,0,"support","medium"
"7990",0.36,0.45,2,135,3,1,0,0,"support","high"
"7992",0.24,0.54,6,193,4,0,0,0,"support","medium"
"7995",0.57,0.58,3,251,3,0,0,0,"technical","medium"
"7996",0.7,0.85,3,161,2,0,0,0,"technical","medium"
"7999",0.95,0.96,4,161,2,0,0,0,"IT","high"
"8000",0.85,0.55,3,226,4,0,0,0,"IT","low"
"8001",0.72,0.9,3,193,3,0,0,0,"IT","medium"
"8002",0.84,0.66,4,204,3,0,0,0,"IT","medium"
"8016",0.83,0.64,3,242,3,0,0,0,"accounting","low"
"8020",0.67,0.61,3,251,2,0,0,0,"marketing","low"
"8028",0.86,0.79,3,106,6,1,0,0,"sales","medium"
"8029",0.5,0.99,4,272,2,0,0,0,"sales","medium"
"8030",0.35,0.37,4,153,2,0,0,0,"sales","medium"
"8031",0.76,0.97,5,172,3,0,0,0,"sales","medium"
"8035",0.9,0.53,3,270,3,0,0,0,"sales","medium"
"8040",0.56,0.84,4,143,4,0,0,0,"sales","medium"
"8041",0.54,0.63,5,259,2,0,0,0,"sales","medium"
"8043",0.82,0.59,3,155,3,0,0,0,"accounting","medium"
"8045",0.77,0.97,3,215,2,0,0,0,"hr","low"
"8053",0.64,0.99,4,222,2,0,0,0,"technical","low"
"8055",0.76,0.49,5,243,3,0,0,0,"technical","low"
"8059",0.6,0.49,5,259,4,0,0,0,"technical","low"
"8060",0.84,0.73,5,105,5,0,0,0,"support","low"
"8062",0.24,0.91,4,232,2,0,0,0,"support","low"
"8067",0.97,0.77,3,206,4,0,0,0,"support","medium"
"8071",0.92,0.98,4,161,3,0,0,0,"technical","medium"
"8078",0.67,0.86,3,175,3,0,0,0,"IT","low"
"8080",0.8,0.63,4,211,2,0,0,0,"product_mng","medium"
"8084",0.58,0.53,3,287,5,0,0,0,"IT","low"
"8085",0.67,0.39,2,235,6,0,0,0,"RandD","low"
"8087",0.78,0.66,6,105,5,1,0,0,"RandD","low"
"8088",0.58,0.83,3,226,3,0,0,0,"RandD","low"
"8091",0.59,0.55,3,183,4,0,0,0,"marketing","low"
"8092",0.6,0.9,5,139,3,0,0,0,"sales","low"
"8096",1,0.61,4,198,2,0,0,0,"management","low"
"8097",0.96,1,3,137,4,1,0,0,"marketing","low"
"8099",0.98,0.69,2,204,4,0,0,0,"marketing","low"
"8102",0.64,0.64,3,180,2,1,0,0,"sales","low"
"8103",0.71,0.93,2,199,2,0,0,0,"sales","low"
"8111",0.78,0.61,3,148,2,0,0,0,"sales","medium"
"8112",0.19,0.63,4,233,5,0,0,0,"sales","medium"
"8114",0.75,0.75,5,229,2,1,0,0,"sales","medium"
"8115",0.29,0.66,3,256,2,1,0,0,"sales","medium"
"8116",0.37,0.7,2,188,2,0,0,0,"sales","high"
"8120",0.18,0.64,6,154,5,0,0,0,"accounting","medium"
"8121",0.76,0.85,4,135,3,0,0,0,"accounting","medium"
"8123",0.82,0.94,3,253,2,0,0,0,"hr","low"
"8124",0.97,0.94,3,180,3,0,0,0,"hr","low"
"8129",0.96,0.91,3,260,5,0,0,0,"technical","low"
"8130",0.62,0.78,3,178,3,1,0,0,"technical","low"
"8132",0.82,0.56,5,180,3,0,0,0,"technical","low"
"8139",0.64,0.53,4,133,3,0,0,0,"support","low"
"8144",0.96,0.51,5,152,3,0,0,0,"support","medium"
"8152",0.39,0.87,5,257,5,1,0,0,"IT","medium"
"8155",0.9,0.67,3,165,2,0,0,0,"IT","high"
"8157",0.45,0.75,2,246,2,0,0,0,"product_mng","medium"
"8159",0.99,0.82,3,255,2,0,0,0,"product_mng","medium"
"8161",0.96,0.9,4,164,4,0,0,0,"IT","low"
"8163",0.59,0.59,3,141,3,0,0,0,"RandD","low"
"8164",0.57,0.69,3,154,2,0,0,0,"RandD","low"
"8171",0.89,0.96,5,239,3,0,0,0,"support","low"
"8174",0.79,0.99,4,183,2,0,0,0,"marketing","low"
"8178",0.49,0.67,6,286,4,0,0,0,"sales","low"
"8179",0.46,0.55,3,139,2,0,0,0,"sales","medium"
"8180",0.9,0.91,5,176,3,0,0,0,"sales","medium"
"8184",0.59,0.87,4,183,2,0,0,0,"sales","medium"
"8186",0.53,0.49,3,158,3,0,0,0,"sales","medium"
"8187",0.83,0.89,4,136,3,0,0,0,"sales","medium"
"8189",0.78,0.61,4,268,3,0,0,0,"sales","medium"
"8192",0.61,0.38,2,268,3,0,0,0,"sales","low"
"8194",0.17,0.85,6,245,5,0,0,0,"sales","medium"
"8195",0.79,0.52,3,134,2,1,0,0,"sales","medium"
"8200",0.84,0.9,3,196,3,1,0,0,"hr","low"
"8201",0.21,0.49,3,253,3,0,0,0,"hr","low"
"8204",0.8,0.75,4,217,2,0,0,0,"technical","low"
"8205",0.77,0.85,5,192,2,0,0,0,"technical","low"
"8209",0.85,0.67,4,163,3,0,0,0,"technical","low"
"8211",0.66,0.68,3,202,3,0,0,0,"technical","low"
"8214",0.91,0.82,4,260,4,0,0,0,"support","low"
"8215",0.96,0.97,4,260,3,0,0,0,"support","low"
"8216",0.49,0.52,4,251,2,0,0,0,"support","low"
"8229",0.56,0.64,3,206,2,0,0,0,"IT","medium"
"8230",0.65,0.56,3,230,2,0,0,0,"IT","high"
"8234",0.14,0.51,5,259,5,0,0,0,"product_mng","medium"
"8238",0.59,0.89,5,143,3,1,0,0,"IT","low"
"8241",0.76,0.7,5,195,3,0,0,0,"RandD","low"
"8248",0.99,0.65,3,209,2,1,0,0,"support","low"
"8249",0.97,0.86,5,222,3,0,0,0,"technical","low"
"8254",0.52,0.53,4,159,4,0,0,0,"sales","low"
"8255",0.8,0.81,5,156,2,0,0,0,"sales","low"
"8257",0.66,0.65,4,154,3,0,0,0,"sales","medium"
"8263",0.55,0.71,4,223,3,0,0,0,"sales","medium"
"8265",0.84,0.74,3,234,3,1,0,0,"sales","medium"
"8272",0.8,0.51,4,141,3,1,0,0,"sales","medium"
"8273",0.69,0.8,5,263,3,1,0,0,"accounting","medium"
"8276",0.6,0.88,3,201,2,0,0,0,"hr","low"
"8277",0.89,0.93,3,181,3,0,0,0,"hr","low"
"8279",0.35,0.52,3,167,2,0,0,0,"hr","low"
"8280",0.88,0.68,5,224,2,0,0,0,"technical","low"
"8288",0.85,0.55,4,158,5,0,0,0,"technical","medium"
"8289",0.86,0.51,3,185,2,0,0,0,"technical","medium"
"8290",0.89,0.98,3,214,3,0,0,0,"technical","medium"
"8295",0.34,0.51,3,105,3,0,0,0,"support","medium"
"8296",0.81,0.92,3,251,3,1,0,0,"support","medium"
"8298",0.7,0.87,3,158,2,0,0,0,"support","medium"
"8299",0.92,0.61,4,252,2,0,0,0,"support","medium"
"8304",0.91,0.48,3,224,3,0,0,0,"technical","medium"
"8305",0.55,0.97,4,267,4,0,0,0,"management","medium"
"8307",0.27,0.48,3,97,6,0,0,0,"IT","medium"
"8313",0.83,0.51,4,215,3,0,0,0,"product_mng","high"
"8319",0.77,0.66,3,260,4,0,0,0,"RandD","high"
"8320",0.93,0.97,5,137,4,0,0,0,"RandD","low"
"8322",0.78,0.53,3,152,2,0,0,0,"marketing","low"
"8323",0.55,0.75,4,166,2,0,0,0,"sales","low"
"8324",0.39,0.86,3,261,2,0,0,0,"accounting","low"
"8327",0.6,0.69,6,250,5,1,0,0,"management","low"
"8333",0.6,0.57,3,203,2,0,0,0,"sales","low"
"8334",0.7,0.99,3,167,3,0,0,0,"sales","low"
"8335",0.5,0.99,2,258,3,1,0,0,"sales","medium"
"8340",0.94,0.98,4,197,3,0,0,0,"sales","medium"
"8343",0.93,0.62,3,184,3,0,0,0,"sales","medium"
"8347",0.28,0.77,3,221,3,0,0,0,"sales","high"
"8350",0.75,0.55,2,188,3,0,0,0,"accounting","high"
"8357",0.95,0.43,6,283,2,0,0,0,"technical","low"
"8360",0.59,0.57,3,147,4,0,0,0,"technical","low"
"8362",0.66,0.66,4,166,3,0,0,0,"technical","low"
"8363",0.76,0.94,4,168,6,0,0,0,"technical","medium"
"8365",0.84,0.65,3,134,3,0,0,0,"technical","medium"
"8368",0.79,0.99,4,177,3,1,0,0,"support","medium"
"8372",0.62,0.51,4,274,2,0,0,0,"support","medium"
"8373",0.36,0.56,6,242,6,0,0,0,"support","medium"
"8375",0.57,0.75,5,172,4,0,0,0,"support","medium"
"8376",0.83,0.99,3,226,3,0,0,0,"support","medium"
"8378",0.23,0.72,6,121,3,0,0,0,"support","medium"
"8380",0.69,0.61,2,141,3,0,0,0,"technical","medium"
"8385",0.96,0.87,4,213,3,0,0,0,"IT","medium"
"8386",0.66,0.51,6,105,4,0,0,0,"IT","high"
"8399",0.58,0.84,4,150,4,1,0,0,"sales","low"
"8401",0.83,0.37,5,101,4,1,0,0,"support","low"
"8402",0.63,0.52,3,183,2,0,0,0,"technical","low"
"8404",0.88,0.55,3,263,3,0,0,0,"marketing","low"
"8409",0.6,0.98,4,265,2,0,0,0,"sales","low"
"8410",0.96,0.92,3,196,4,0,0,0,"sales","low"
"8412",1,0.61,6,270,3,0,0,0,"sales","low"
"8414",0.84,0.93,5,225,4,0,0,0,"sales","high"
"8415",0.82,0.77,4,205,3,0,0,0,"sales","medium"
"8420",0.55,0.97,5,125,4,0,0,0,"sales","medium"
"8424",0.92,0.51,3,223,2,0,0,0,"sales","medium"
"8425",0.86,0.87,3,268,2,0,0,0,"sales","high"
"8428",0.55,0.51,3,192,3,0,0,0,"accounting","medium"
"8430",0.49,0.9,3,250,2,0,0,0,"hr","medium"
"8433",0.64,0.5,3,146,3,0,0,0,"technical","low"
"8435",0.58,0.45,3,131,2,0,0,0,"technical","low"
"8436",0.57,0.37,3,108,4,0,0,0,"technical","low"
"8442",0.5,0.6,4,199,2,0,0,0,"technical","low"
"8444",0.58,0.84,3,258,4,0,0,0,"support","low"
"8445",0.66,0.68,4,269,3,1,0,0,"support","low"
"8456",0.66,0.38,4,145,5,0,0,0,"technical","medium"
"8459",0.69,0.91,6,150,5,0,0,0,"IT","medium"
"8461",0.56,0.84,4,149,4,1,0,0,"IT","medium"
"8462",0.95,0.77,5,139,2,0,0,0,"IT","medium"
"8467",0.52,0.65,4,264,3,0,0,0,"product_mng","medium"
"8470",0.92,0.49,5,178,2,1,0,0,"RandD","medium"
"8476",0.7,0.72,2,189,3,0,0,0,"sales","low"
"8480",0.73,0.72,5,178,2,0,0,0,"management","low"
"8481",0.56,0.67,4,184,3,0,0,0,"marketing","low"
"8486",0.7,0.69,5,154,2,0,0,0,"sales","low"
"8488",0.77,0.87,3,207,4,1,0,0,"sales","low"
"8496",0.95,0.62,4,255,2,0,0,0,"sales","medium"
"8497",0.66,0.82,4,257,3,1,0,0,"sales","medium"
"8501",1,0.68,3,132,2,0,0,0,"sales","medium"
"8502",0.71,0.79,3,134,3,0,0,0,"sales","medium"
"8505",0.61,0.62,4,269,4,0,0,0,"accounting","medium"
"8508",0.79,0.97,3,271,2,0,0,0,"hr","medium"
"8510",0.6,0.98,4,192,3,0,0,0,"technical","low"
"8511",0.72,0.95,4,230,3,0,0,0,"technical","low"
"8515",0.89,0.59,3,247,4,0,0,0,"technical","low"
"8517",0.67,0.64,4,149,4,0,0,0,"technical","low"
"8521",0.23,0.68,5,244,3,0,0,0,"support","low"
"8526",0.55,0.64,6,148,4,0,0,0,"support","low"
"8531",0.85,0.65,3,195,3,0,0,0,"support","medium"
"8532",0.96,0.85,3,168,3,0,0,0,"technical","medium"
"8538",0.44,0.83,4,210,2,0,0,0,"IT","medium"
"8541",0.51,0.71,5,154,2,0,0,0,"product_mng","medium"
"8542",0.5,0.84,3,259,2,0,0,0,"product_mng","high"
"8544",0.74,0.74,5,262,2,0,0,0,"product_mng","medium"
"8546",0.22,0.65,5,174,5,1,0,0,"RandD","medium"
"8550",0.66,0.84,5,187,2,1,0,0,"RandD","low"
"8552",0.88,0.59,4,240,2,0,0,0,"sales","low"
"8554",0.56,0.44,2,130,3,0,0,0,"support","low"
"8556",0.85,0.6,3,218,3,0,0,0,"management","low"
"8557",0.95,0.95,4,204,3,1,0,0,"marketing","low"
"8559",0.61,0.53,4,183,3,0,0,0,"marketing","low"
"8565",0.99,0.64,4,135,2,1,0,0,"sales","low"
"8568",0.7,0.39,6,285,4,0,0,0,"sales","low"
"8569",0.68,0.61,6,236,3,0,0,0,"sales","medium"
"8572",0.86,0.65,5,166,3,0,0,0,"sales","medium"
"8573",0.87,0.84,3,172,3,0,0,0,"sales","medium"
"8576",0.83,0.59,4,197,4,0,0,0,"sales","medium"
"8582",0.71,0.84,3,139,2,0,0,0,"hr","low"
"8584",0.78,0.61,3,227,3,0,0,0,"hr","medium"
"8587",0.87,0.93,4,199,3,0,0,0,"technical","low"
"8588",0.94,0.84,5,203,3,0,0,0,"technical","low"
"8591",0.47,0.55,4,100,4,1,0,0,"technical","low"
"8592",0.5,0.48,2,150,3,1,0,0,"technical","low"
"8595",0.91,0.61,3,262,3,0,0,0,"technical","low"
"8599",0.83,0.65,3,231,2,0,0,0,"support","low"
"8606",0.48,0.43,3,96,3,0,0,0,"support","low"
"8607",0.91,0.5,3,276,4,0,0,0,"support","low"
"8612",0.55,0.57,5,280,6,1,0,0,"IT","medium"
"8616",0.19,0.64,5,231,4,1,0,0,"IT","medium"
"8620",0.58,0.74,4,180,3,0,0,0,"product_mng","high"
"8623",0.46,0.63,2,177,6,0,0,0,"RandD","medium"
"8632",0.19,0.91,5,145,3,0,0,0,"management","low"
"8634",0.87,1,3,148,3,0,0,0,"marketing","low"
"8638",0.89,0.86,3,223,2,0,0,0,"sales","low"
"8641",0.34,0.88,5,131,6,0,0,0,"sales","low"
"8643",0.59,0.54,4,210,3,0,0,0,"sales","low"
"8653",0.81,0.72,3,232,3,1,0,0,"sales","medium"
"8655",0.12,0.42,3,110,2,0,0,0,"accounting","medium"
"8664",0.44,0.58,4,152,3,0,0,0,"technical","low"
"8666",0.63,0.74,5,227,2,0,0,0,"technical","low"
"8668",0.82,0.53,4,162,3,1,0,0,"technical","low"
"8669",0.97,0.89,4,193,3,0,0,0,"technical","low"
"8674",0.89,0.75,4,246,3,1,0,0,"support","low"
"8681",0.15,0.96,5,201,6,0,0,0,"support","low"
"8684",0.23,0.96,4,213,4,0,0,0,"technical","medium"
"8685",0.85,0.79,4,138,2,0,0,0,"technical","medium"
"8686",0.79,0.57,3,168,2,0,0,0,"technical","medium"
"8687",0.6,0.6,4,197,3,0,0,0,"management","medium"
"8688",0.89,0.74,5,220,3,0,0,0,"IT","medium"
"8696",0.85,0.99,5,176,4,0,0,0,"product_mng","low"
"8703",0.54,0.7,3,213,2,0,0,0,"marketing","low"
"8704",0.61,0.77,4,195,2,0,0,0,"sales","low"
"8709",0.16,0.66,6,229,6,0,0,0,"marketing","low"
"8714",0.81,0.5,3,198,3,0,0,0,"sales","low"
"8715",0.2,0.82,4,190,5,0,0,0,"sales","low"
"8717",0.55,0.99,4,238,3,0,0,0,"sales","low"
"8719",0.91,0.61,4,176,3,0,0,0,"sales","low"
"8724",0.99,0.57,3,189,4,1,0,0,"sales","medium"
"8729",0.13,0.73,5,206,5,0,0,0,"sales","medium"
"8731",0.72,0.87,4,154,2,1,0,0,"accounting","medium"
"8732",0.68,0.61,4,147,3,0,0,0,"accounting","medium"
"8736",0.85,0.51,3,242,3,0,0,0,"hr","medium"
"8742",0.5,0.67,2,142,3,0,0,0,"technical","low"
"8748",0.71,1,3,181,4,0,0,0,"technical","medium"
"8749",0.21,0.81,5,169,4,0,0,0,"support","medium"
"8752",0.27,0.86,3,222,5,0,0,0,"support","medium"
"8754",0.17,0.52,6,176,5,0,0,0,"support","medium"
"8757",0.59,0.92,5,226,3,0,0,0,"support","medium"
"8758",0.49,0.61,5,196,3,0,0,0,"support","medium"
"8761",0.52,1,4,221,3,0,0,0,"technical","medium"
"8763",0.91,0.67,5,137,3,0,0,0,"management","medium"
"8766",0.92,0.51,4,167,3,1,0,0,"IT","medium"
"8769",0.84,0.81,4,152,2,1,0,0,"product_mng","medium"
"8775",0.56,0.85,3,109,2,0,0,0,"RandD","high"
"8777",0.64,0.72,4,253,4,0,0,0,"RandD","high"
"8780",0.82,0.73,3,148,4,0,0,0,"sales","high"
"8781",0.83,0.78,5,240,3,0,0,0,"accounting","high"
"8783",0.57,0.95,4,176,3,0,0,0,"technical","high"
"8785",0.78,0.6,2,206,2,0,0,0,"marketing","low"
"8786",0.55,0.8,3,192,3,1,0,0,"marketing","low"
"8789",0.67,0.83,3,220,3,0,0,0,"sales","low"
"8793",0.71,0.87,4,238,3,0,0,0,"sales","low"
"8794",0.65,0.91,3,207,3,0,0,0,"sales","low"
"8798",0.52,0.63,3,171,2,0,0,0,"sales","low"
"8799",0.24,0.78,5,131,5,0,0,0,"sales","low"
"8802",0.93,0.68,3,137,3,1,0,0,"sales","medium"
"8807",0.31,1,4,177,5,0,0,0,"accounting","medium"
"8808",0.49,0.68,3,181,3,0,0,0,"accounting","medium"
"8812",0.88,0.75,5,152,3,0,0,0,"hr","high"
"8829",0.93,0.53,5,204,2,0,0,0,"support","medium"
"8832",0.69,0.95,5,184,2,0,0,0,"support","medium"
"8846",0.73,0.84,4,238,2,0,0,0,"product_mng","medium"
"8847",0.48,0.47,3,160,3,0,0,0,"product_mng","medium"
"8851",0.97,0.54,3,255,2,1,0,0,"RandD","high"
"8854",0.79,0.76,4,216,4,0,0,0,"RandD","medium"
"8855",0.71,0.54,3,249,3,0,0,0,"marketing","medium"
"8857",0.6,0.7,4,265,4,1,0,0,"accounting","medium"
"8858",0.17,0.88,2,206,4,0,0,0,"support","medium"
"8862",0.67,0.55,5,239,2,0,0,0,"marketing","medium"
"8868",0.15,0.37,2,167,3,0,0,0,"sales","low"
"8871",0.86,0.71,4,250,3,1,0,0,"sales","low"
"8879",0.66,0.77,5,236,3,0,0,0,"sales","high"
"8880",0.85,0.66,3,234,3,0,0,0,"sales","medium"
"8883",0.25,0.45,3,228,5,0,0,0,"accounting","medium"
"8884",0.93,0.99,4,209,3,1,0,0,"accounting","high"
"8885",0.5,0.54,5,173,2,0,0,0,"accounting","medium"
"8886",0.68,0.71,4,206,2,0,0,0,"hr","medium"
"8887",0.62,0.87,3,151,2,1,0,0,"hr","medium"
"8900",0.66,0.67,3,199,2,0,0,0,"technical","low"
"8901",0.61,0.87,3,185,2,1,0,0,"support","low"
"8904",0.65,0.84,3,189,2,1,0,0,"support","low"
"8905",0.94,0.49,2,250,5,0,0,0,"support","low"
"8908",0.23,0.79,5,196,5,1,0,0,"support","low"
"8910",0.68,0.85,3,250,3,0,0,0,"support","low"
"8914",0.2,0.5,6,282,6,1,0,0,"technical","low"
"8917",0.7,0.74,3,202,2,0,0,0,"IT","medium"
"8920",0.62,0.64,3,165,3,0,0,0,"IT","high"
"8921",0.71,0.61,2,216,2,0,0,0,"product_mng","medium"
"8934",0.88,0.84,4,171,4,1,0,0,"support","medium"
"8935",0.69,0.72,2,190,2,0,0,0,"technical","medium"
"8941",0.58,0.98,3,175,3,0,0,0,"sales","low"
"8942",0.91,0.88,5,210,2,1,0,0,"sales","low"
"8945",0.55,0.53,4,214,3,0,0,0,"sales","low"
"8948",0.42,0.73,3,115,6,0,0,0,"sales","high"
"8958",0.43,0.82,2,221,5,0,0,0,"sales","medium"
"8961",0.77,0.56,3,167,4,0,0,0,"accounting","medium"
"8963",0.98,0.63,4,232,2,0,0,0,"hr","medium"
"8970",0.58,0.6,4,222,3,0,0,0,"technical","medium"
"8971",0.98,0.77,4,144,4,0,0,0,"technical","medium"
"8977",0.69,0.99,3,133,3,0,0,0,"support","low"
"8978",0.56,0.84,5,154,2,1,0,0,"support","low"
"8983",0.47,0.44,5,255,5,1,0,0,"support","low"
"8990",0.83,0.72,2,226,3,0,0,0,"technical","low"
"8995",0.58,0.79,4,130,3,0,0,0,"IT","medium"
"9005",0.53,0.46,2,167,2,0,0,0,"RandD","medium"
"9006",0.57,0.5,5,149,5,1,0,0,"RandD","medium"
"9007",0.85,0.99,4,233,2,0,0,0,"marketing","high"
"9009",0.57,0.54,3,159,3,1,0,0,"accounting","medium"
"9010",0.86,0.85,2,195,4,0,0,0,"support","medium"
"9011",0.6,0.7,5,229,2,0,0,0,"technical","medium"
"9013",0.54,0.63,3,174,3,0,0,0,"marketing","low"
"9015",0.92,0.77,5,217,4,0,0,0,"marketing","low"
"9017",0.83,0.9,4,195,3,0,0,0,"sales","low"
"9018",0.89,0.86,3,261,4,0,0,0,"sales","low"
"9019",0.94,0.61,4,199,3,0,0,0,"sales","low"
"9020",0.24,0.85,4,160,5,0,0,0,"sales","low"
"9021",0.69,0.8,3,177,4,0,0,0,"sales","low"
"9024",0.91,0.38,5,279,5,0,0,0,"sales","low"
"9027",0.73,0.69,3,161,3,0,0,0,"sales","low"
"9029",0.52,0.57,5,162,3,0,0,0,"sales","low"
"9031",0.94,0.69,3,269,3,0,0,0,"sales","low"
"9035",0.59,0.8,5,247,3,0,0,0,"accounting","medium"
"9039",0.84,0.65,4,264,2,0,0,0,"hr","medium"
"9041",0.64,0.52,4,271,2,1,0,0,"hr","medium"
"9043",0.82,0.58,4,249,5,0,0,0,"technical","medium"
"9045",0.8,0.52,3,147,3,1,0,0,"technical","medium"
"9047",0.94,0.81,4,237,3,1,0,0,"technical","low"
"9050",0.62,0.68,3,226,3,0,0,0,"technical","medium"
"9052",0.27,0.6,6,205,5,1,0,0,"technical","low"
"9053",0.89,0.65,3,208,2,0,0,0,"support","low"
"9059",0.78,0.84,4,173,3,0,0,0,"support","low"
"9061",0.8,0.84,3,186,6,0,0,0,"support","low"
"9069",0.78,0.72,3,223,4,0,0,0,"IT","low"
"9070",0.39,0.75,5,286,5,0,0,0,"IT","low"
"9075",0.89,0.81,3,186,3,0,0,0,"product_mng","medium"
"9076",0.93,0.57,2,205,4,1,0,0,"product_mng","medium"
"9078",0.56,0.53,3,189,3,0,0,0,"RandD","medium"
"9079",0.97,0.55,4,181,5,1,0,0,"RandD","medium"
"9081",0.73,0.46,4,240,4,1,0,0,"RandD","medium"
"9087",0.68,0.72,4,274,3,0,0,0,"technical","medium"
"9092",0.14,0.73,5,273,4,1,0,0,"sales","low"
"9093",0.2,0.54,5,162,6,0,0,0,"sales","low"
"9094",0.9,0.97,3,141,3,0,0,0,"sales","low"
"9098",0.67,0.72,4,218,2,1,0,0,"sales","low"
"9100",0.69,0.75,3,204,3,0,0,0,"sales","low"
"9101",0.69,0.9,4,148,2,0,0,0,"sales","low"
"9104",0.55,0.75,3,191,3,0,0,0,"sales","low"
"9106",0.83,0.78,5,250,2,1,0,0,"sales","low"
"9107",0.73,0.77,3,230,2,0,0,0,"sales","low"
"9109",0.52,0.67,4,182,3,0,0,0,"sales","medium"
"9112",0.7,0.74,3,224,3,0,0,0,"accounting","medium"
"9118",0.68,0.74,4,263,2,1,0,0,"technical","medium"
"9120",0.59,0.67,6,126,3,0,0,0,"technical","medium"
"9121",0.76,0.71,6,168,2,0,0,0,"technical","high"
"9123",0.8,0.85,4,239,3,0,0,0,"technical","medium"
"9126",0.81,0.97,3,133,3,0,0,0,"technical","medium"
"9128",0.76,0.6,5,244,3,1,0,0,"technical","low"
"9130",0.72,0.91,3,267,2,0,0,0,"support","low"
"9131",0.22,0.59,5,162,2,0,0,0,"support","low"
"9140",0.69,0.68,4,225,3,0,0,0,"technical","low"
"9144",0.48,0.51,4,103,4,0,0,0,"IT","low"
"9145",0.16,0.89,4,196,3,1,0,0,"IT","low"
"9150",0.56,0.41,6,142,3,0,0,0,"product_mng","medium"
"9152",0.86,0.9,5,180,4,0,0,0,"product_mng","medium"
"9155",0.68,0.83,5,267,3,0,0,0,"RandD","medium"
"9156",0.59,0.47,3,129,2,0,0,0,"RandD","medium"
"9162",0.34,0.46,6,132,2,0,0,0,"support","medium"
"9164",0.79,0.83,4,250,2,0,0,0,"management","medium"
"9165",0.5,0.77,3,204,2,0,0,0,"marketing","medium"
"9166",0.89,0.65,3,210,3,0,0,0,"marketing","low"
"9169",0.57,0.96,5,203,4,0,0,0,"sales","low"
"9170",0.14,0.99,3,257,4,1,0,0,"sales","low"
"9172",0.3,0.58,2,124,3,0,0,0,"sales","low"
"9177",0.17,0.52,4,184,4,0,0,0,"sales","low"
"9180",0.84,0.58,4,180,2,0,0,0,"sales","low"
"9186",0.72,0.83,4,181,3,0,0,0,"sales","low"
"9194",0.66,0.54,2,136,2,0,0,0,"technical","low"
"9196",0.69,0.89,2,220,3,0,0,0,"technical","low"
"9202",1,0.89,4,152,3,0,0,0,"technical","low"
"9210",0.84,0.46,5,118,3,0,0,0,"support","low"
"9214",0.74,0.58,4,193,3,0,0,0,"support","medium"
"9215",0.94,0.78,4,211,3,0,0,0,"support","medium"
"9216",0.57,0.58,3,192,3,0,0,0,"technical","medium"
"9220",0.24,0.6,2,194,6,0,0,0,"IT","medium"
"9224",0.68,0.55,6,181,3,0,0,0,"IT","medium"
"9227",0.3,0.66,3,198,2,0,0,0,"product_mng","medium"
"9230",0.83,0.91,3,251,2,0,0,0,"RandD","medium"
"9231",0.87,0.76,5,182,3,0,0,0,"RandD","medium"
"9239",0.61,1,5,243,2,0,0,0,"technical","medium"
"9241",0.19,1,4,188,4,1,0,0,"marketing","medium"
"9246",0.52,0.82,4,198,4,0,0,0,"sales","low"
"9247",0.27,0.55,5,121,3,1,0,0,"sales","low"
"9255",0.64,0.48,4,267,2,1,0,0,"sales","low"
"9261",0.71,0.44,2,207,4,0,0,0,"sales","low"
"9262",0.8,0.56,6,111,6,0,0,0,"sales","low"
"9266",0.49,0.57,4,146,4,0,0,0,"hr","medium"
"9268",0.57,0.69,4,255,3,0,0,0,"hr","medium"
"9271",0.7,0.5,3,251,2,0,0,0,"technical","medium"
"9274",0.5,0.64,3,249,2,1,0,0,"technical","low"
"9277",0.83,0.66,3,239,3,0,0,0,"technical","low"
"9279",0.16,0.73,6,170,3,0,0,0,"technical","low"
"9281",0.93,0.73,4,156,2,0,0,0,"support","low"
"9285",0.57,0.74,3,257,2,0,0,0,"support","low"
"9288",0.81,0.51,3,273,2,1,0,0,"support","low"
"9292",0.57,0.65,4,265,3,0,0,0,"technical","low"
"9295",0.35,0.47,4,151,6,0,0,0,"management","medium"
"9298",0.9,0.58,3,264,3,0,0,0,"IT","medium"
"9304",0.76,0.85,3,204,2,1,0,0,"product_mng","medium"
"9307",0.67,0.93,5,254,3,1,0,0,"RandD","medium"
"9312",0.77,0.73,4,159,3,1,0,0,"sales","medium"
"9316",0.91,0.52,4,172,4,1,0,0,"management","high"
"9317",0.77,0.65,3,187,3,0,0,0,"marketing","low"
"9319",0.82,0.51,5,232,3,0,0,0,"marketing","medium"
"9327",0.47,0.7,4,134,3,0,0,0,"sales","low"
"9333",0.72,0.64,4,140,2,0,0,0,"sales","low"
"9337",0.97,0.66,4,218,3,0,0,0,"sales","high"
"9338",0.61,0.59,3,157,2,0,0,0,"sales","high"
"9339",0.71,0.89,3,222,3,0,0,0,"accounting","low"
"9340",0.96,0.76,4,152,3,1,0,0,"accounting","low"
"9343",0.92,0.76,4,258,2,0,0,0,"hr","medium"
"9347",0.85,0.66,3,235,3,0,0,0,"technical","low"
"9348",0.38,0.6,4,190,2,0,0,0,"technical","low"
"9350",0.66,0.72,4,137,3,0,0,0,"technical","low"
"9352",0.63,0.59,4,249,2,0,0,0,"technical","low"
"9353",0.32,0.74,6,205,3,0,0,0,"technical","low"
"9354",0.73,0.55,3,149,3,0,0,0,"technical","low"
"9355",0.75,0.89,4,139,3,0,0,0,"technical","low"
"9362",0.66,0.84,3,170,4,0,0,0,"support","low"
"9363",0.56,0.49,3,208,3,0,0,0,"support","low"
"9365",0.82,0.81,3,149,3,0,0,0,"support","low"
"9366",0.85,0.59,2,264,2,0,0,0,"support","low"
"9369",0.32,0.74,3,211,3,0,0,0,"technical","low"
"9374",0.24,0.89,5,169,4,0,0,0,"IT","low"
"9377",0.6,0.91,4,185,3,1,0,0,"product_mng","low"
"9379",0.94,0.62,3,147,3,0,0,0,"product_mng","low"
"9385",0.88,0.66,3,178,3,0,0,0,"RandD","high"
"9398",0.49,0.83,3,172,2,0,0,0,"sales","medium"
"9399",0.92,0.62,3,264,2,0,0,0,"sales","medium"
"9407",0.88,0.58,4,215,2,0,0,0,"sales","low"
"9411",0.81,0.49,4,285,4,0,0,0,"sales","low"
"9413",0.65,0.63,3,137,3,0,0,0,"sales","high"
"9415",0.64,0.62,4,145,3,1,0,0,"sales","low"
"9417",0.13,0.62,3,264,6,0,0,0,"accounting","low"
"9419",0.74,0.51,5,198,3,0,0,0,"hr","low"
"9420",0.8,0.81,5,200,3,0,0,0,"hr","low"
"9422",0.69,0.75,4,249,4,0,0,0,"hr","medium"
"9423",0.91,0.53,4,212,3,0,0,0,"technical","low"
"9426",0.57,0.99,3,100,4,1,0,0,"technical","low"
"9427",0.51,0.58,2,218,2,1,0,0,"technical","low"
"9433",0.31,0.38,3,173,2,0,0,0,"technical","low"
"9436",0.52,0.8,5,209,2,0,0,0,"support","low"
"9443",0.99,0.92,4,212,3,0,0,0,"support","low"
"9447",0.95,0.58,5,133,3,0,0,0,"technical","low"
"9448",0.69,0.83,5,225,3,0,0,0,"management","low"
"9449",0.97,0.91,2,112,5,0,0,0,"IT","low"
"9451",0.67,0.71,4,178,6,0,0,0,"IT","low"
"9453",0.49,0.95,2,181,4,1,0,0,"IT","low"
"9459",0.51,0.89,3,230,4,0,0,0,"marketing","low"
"9460",0.65,0.9,3,163,3,1,0,0,"marketing","medium"
"9461",0.45,0.66,2,236,3,0,0,0,"marketing","medium"
"9465",0.52,0.99,4,253,3,0,0,0,"marketing","medium"
"9469",0.84,0.54,5,186,2,0,0,0,"technical","medium"
"9471",0.75,0.59,3,242,3,0,0,0,"marketing","medium"
"9472",0.52,0.74,3,160,2,0,0,0,"marketing","high"
"9474",0.75,0.53,3,154,2,0,0,0,"sales","medium"
"9477",0.8,0.84,3,251,3,0,0,0,"sales","medium"
"9487",0.96,0.66,3,155,2,0,0,0,"sales","low"
"9489",0.78,0.96,2,174,3,0,0,0,"sales","low"
"9495",0.77,0.51,2,254,5,0,0,0,"accounting","medium"
"9498",0.59,0.43,3,171,3,0,0,0,"hr","medium"
"9502",0.78,0.65,3,176,2,0,0,0,"technical","low"
"9503",0.73,0.76,2,166,3,0,0,0,"technical","low"
"9505",0.65,0.82,4,257,3,0,0,0,"technical","low"
"9509",0.57,0.76,2,176,3,0,0,0,"technical","low"
"9512",0.5,0.53,3,121,4,0,0,0,"support","low"
"9513",0.47,0.57,3,97,4,0,0,0,"support","low"
"9514",0.92,0.54,4,217,4,0,0,0,"support","low"
"9516",0.54,0.46,2,98,4,0,0,0,"support","low"
"9517",0.58,0.97,5,265,3,0,0,0,"support","low"
"9518",0.95,0.87,3,201,3,0,0,0,"support","low"
"9523",0.52,0.57,3,183,2,0,0,0,"technical","low"
"9524",0.83,0.8,5,223,3,0,0,0,"technical","low"
"9530",0.51,0.88,5,225,2,1,0,0,"IT","low"
"9531",0.55,0.55,4,257,3,0,0,0,"product_mng","low"
"9533",0.85,0.86,3,179,3,0,0,0,"product_mng","low"
"9534",0.29,0.85,4,211,2,0,0,0,"product_mng","low"
"9540",0.97,0.76,3,193,3,0,0,0,"RandD","medium"
"9541",0.71,0.55,4,273,3,1,0,0,"RandD","medium"
"9549",0.61,0.37,4,165,6,0,0,0,"marketing","medium"
"9551",0.72,0.59,5,138,2,0,0,0,"sales","low"
"9554",0.5,0.65,4,266,3,1,0,0,"sales","medium"
"9556",0.76,0.55,4,147,3,0,0,0,"sales","low"
"9558",0.78,0.57,5,114,4,0,0,0,"sales","low"
"9562",0.8,0.5,3,219,3,0,0,0,"sales","low"
"9565",0.75,0.75,5,133,2,0,0,0,"sales","low"
"9566",0.94,0.49,4,220,3,0,0,0,"sales","low"
"9578",0.66,0.87,4,139,3,0,0,0,"technical","medium"
"9579",0.55,0.95,4,249,4,0,0,0,"technical","medium"
"9585",0.46,0.54,3,183,4,0,0,0,"technical","medium"
"9589",0.82,0.74,3,256,3,1,0,0,"support","medium"
"9596",0.6,0.5,4,137,3,0,0,0,"support","low"
"9598",0.41,0.5,6,257,6,1,0,0,"support","low"
"9599",0.79,0.72,5,245,3,1,0,0,"technical","low"
"9600",0.5,0.8,3,234,3,0,0,0,"technical","low"
"9601",0.8,0.76,4,135,2,0,0,0,"technical","low"
"9603",0.99,0.68,4,238,3,0,0,0,"IT","low"
"9604",0.77,0.86,3,101,5,0,0,0,"IT","low"
"9606",0.55,0.87,3,241,4,0,0,0,"IT","low"
"9615",0.76,0.48,5,173,3,0,0,0,"accounting","high"
"9620",0.68,0.65,3,243,2,0,0,0,"sales","medium"
"9622",0.46,0.4,3,145,2,0,0,0,"support","medium"
"9623",0.8,0.7,3,238,2,0,0,0,"technical","medium"
"9629",0.87,0.67,5,143,3,0,0,0,"sales","medium"
"9632",0.18,0.5,4,169,4,0,0,0,"sales","low"
"9636",0.58,0.75,4,244,4,0,0,0,"sales","low"
"9637",0.68,0.55,4,169,3,1,0,0,"sales","low"
"9646",0.55,0.89,6,99,3,0,0,0,"sales","low"
"9648",0.69,0.68,4,214,4,0,0,0,"accounting","low"
"9656",0.6,0.72,3,181,2,0,0,0,"technical","medium"
"9659",0.61,0.96,4,161,3,1,0,0,"technical","medium"
"9661",0.88,0.91,3,157,2,0,0,0,"technical","medium"
"9662",0.94,0.8,6,147,3,0,0,0,"technical","medium"
"9665",0.9,0.68,4,204,4,1,0,0,"support","low"
"9670",0.92,0.97,4,199,3,0,0,0,"support","low"
"9672",0.95,0.53,4,143,3,0,0,0,"support","low"
"9680",0.88,0.71,5,219,2,0,0,0,"IT","medium"
"9682",0.31,0.7,4,182,3,0,0,0,"IT","medium"
"9684",0.56,0.83,5,157,3,0,0,0,"IT","medium"
"9686",0.56,0.47,5,185,4,0,0,0,"product_mng","medium"
"9688",0.74,0.99,4,156,3,0,0,0,"product_mng","medium"
"9690",0.69,0.91,6,247,6,0,0,0,"RandD","medium"
"9693",0.79,0.93,5,169,3,0,0,0,"RandD","medium"
"9699",0.8,0.84,3,195,3,0,0,0,"support","medium"
"9703",0.54,0.72,6,222,5,0,0,0,"marketing","high"
"9715",0.73,0.68,4,227,3,0,0,0,"sales","low"
"9720",0.66,0.96,3,175,2,0,0,0,"sales","low"
"9722",0.86,0.56,5,215,2,0,0,0,"sales","low"
"9725",0.69,0.73,4,233,2,0,0,0,"accounting","low"
"9727",0.63,0.74,4,202,3,0,0,0,"hr","low"
"9730",0.47,0.41,2,140,3,0,0,0,"hr","medium"
"9733",0.92,0.88,4,111,4,0,0,0,"technical","medium"
"9736",0.22,0.85,6,172,6,1,0,0,"technical","medium"
"9741",0.73,0.82,4,205,4,0,0,0,"technical","medium"
"9744",0.5,0.48,2,106,2,0,0,0,"support","high"
"9749",0.31,0.51,4,229,6,0,0,0,"support","high"
"9750",0.59,0.49,4,149,4,0,0,0,"support","low"
"9752",0.96,0.51,3,241,6,1,0,0,"support","low"
"9753",0.69,0.67,4,156,3,0,0,0,"technical","low"
"9754",0.92,0.89,3,220,2,0,0,0,"technical","low"
"9756",0.67,0.7,4,222,3,0,0,0,"management","low"
"9769",0.76,0.81,3,175,3,0,0,0,"RandD","medium"
"9772",0.63,0.52,5,226,4,0,0,0,"marketing","medium"
"9773",0.5,0.83,2,220,2,1,0,0,"sales","medium"
"9777",0.56,0.57,2,112,4,0,0,0,"management","medium"
"9784",0.63,0.78,2,158,5,1,0,0,"sales","medium"
"9788",0.63,0.7,5,177,2,1,0,0,"sales","medium"
"9790",0.92,0.91,3,202,2,0,0,0,"sales","medium"
"9794",0.84,0.63,2,162,3,0,0,0,"sales","low"
"9796",0.57,0.59,4,197,3,0,0,0,"sales","low"
"9797",0.15,0.42,3,98,3,0,0,0,"sales","low"
"9804",0.51,0.58,3,141,3,0,0,0,"hr","low"
"9805",0.71,0.95,4,249,3,0,0,0,"hr","low"
"9806",0.63,0.82,5,268,3,0,0,0,"hr","high"
"9810",0.57,0.46,3,167,4,0,0,0,"technical","medium"
"9812",0.84,0.62,5,245,4,0,0,0,"technical","medium"
"9816",1,0.58,4,229,2,1,0,0,"technical","medium"
"9819",0.62,0.52,6,253,4,0,0,0,"support","medium"
"9820",0.98,0.68,4,253,3,0,0,0,"support","high"
"9825",0.47,0.49,2,112,3,1,0,0,"support","medium"
"9828",0.54,0.53,3,203,2,0,0,0,"support","low"
"9831",0.13,0.58,4,203,4,0,0,0,"technical","low"
"9836",0.51,0.85,2,248,4,0,0,0,"IT","high"
"9837",0.91,0.7,3,193,2,0,0,0,"IT","low"
"9838",0.86,0.9,4,162,3,0,0,0,"product_mng","low"
"9842",0.86,0.8,5,134,2,0,0,0,"IT","low"
"9848",0.6,0.99,5,161,3,0,0,0,"management","high"
"9849",0.71,0.57,3,207,3,0,0,0,"marketing","medium"
"9851",0.48,0.92,3,234,3,0,0,0,"accounting","medium"
"9858",0.54,0.87,4,163,3,0,0,0,"sales","medium"
"9864",0.84,0.98,4,246,3,0,0,0,"sales","medium"
"9865",0.76,0.5,3,196,3,1,0,0,"sales","medium"
"9870",0.77,0.71,5,204,3,0,0,0,"sales","high"
"9871",0.96,0.86,2,163,3,0,0,0,"sales","low"
"9872",0.53,0.62,4,162,2,0,0,0,"sales","low"
"9879",0.23,0.5,2,150,6,0,0,0,"accounting","low"
"9882",0.27,0.64,2,188,3,0,0,0,"hr","low"
"9883",0.9,0.53,3,167,3,0,0,0,"hr","low"
"9892",0.74,0.44,5,169,3,1,0,0,"technical","medium"
"9899",0.81,0.68,4,179,3,0,0,0,"support","low"
"9901",0.63,0.66,3,177,2,1,0,0,"support","medium"
"9906",0.8,0.74,5,229,3,1,0,0,"technical","low"
"9909",0.79,0.54,6,190,4,0,0,0,"management","low"
"9915",0.7,0.76,3,173,2,0,0,0,"product_mng","low"
"9921",0.54,0.83,3,201,3,0,0,0,"accounting","high"
"9922",0.23,0.74,5,120,4,0,0,0,"accounting","high"
"9924",1,0.51,5,274,4,0,0,0,"IT","medium"
"9932",0.65,0.79,5,266,3,0,0,0,"marketing","medium"
"9934",0.18,0.67,5,209,4,0,0,0,"sales","medium"
"9938",0.91,0.98,5,135,3,0,0,0,"sales","low"
"9940",0.89,0.76,2,278,2,0,0,0,"sales","medium"
"9942",0.96,0.72,3,157,3,0,0,0,"sales","medium"
"9950",0.89,0.64,4,274,2,1,0,0,"sales","low"
"9954",0.75,0.95,4,177,3,0,0,0,"accounting","low"
"9962",0.81,0.96,4,219,2,0,0,0,"technical","low"
"9965",0.61,0.74,5,185,2,1,0,0,"technical","medium"
"9968",0.87,0.64,3,187,2,0,0,0,"technical","medium"
"9974",0.71,0.99,3,228,2,0,0,0,"support","medium"
"9978",0.91,0.59,3,266,2,0,0,0,"support","medium"
"9986",0.37,0.71,6,266,5,0,0,0,"IT","low"
"9988",0.79,0.88,3,195,4,0,0,0,"IT","low"
"9990",0.54,0.76,5,226,2,0,0,0,"IT","low"
"9994",0.84,0.71,3,179,2,0,0,0,"product_mng","low"
"9997",0.97,0.55,4,166,3,1,0,0,"accounting","high"
"10000",0.26,0.91,5,183,6,0,0,0,"IT","medium"
"10006",0.72,0.74,2,238,3,0,0,0,"management","medium"
"10015",0.99,0.59,5,263,3,0,0,0,"sales","high"
"10017",0.61,0.64,3,187,2,0,0,0,"sales","medium"
"10024",0.61,0.77,4,252,2,0,0,0,"sales","low"
"10025",0.85,0.56,3,199,4,0,0,0,"sales","low"
"10026",0.42,0.85,3,150,3,0,0,0,"sales","low"
"10027",0.56,0.75,4,141,3,0,0,0,"sales","low"
"10031",0.66,0.74,4,179,3,0,0,0,"accounting","low"
"10043",0.94,0.67,3,142,3,0,0,0,"technical","medium"
"10046",0.78,0.63,4,158,3,0,0,0,"technical","medium"
"10053",0.68,0.73,3,250,2,0,0,0,"support","medium"
"10054",0.62,0.54,4,212,4,0,0,0,"support","medium"
"10055",0.89,0.52,4,189,3,0,0,0,"support","medium"
"10056",0.31,0.37,2,104,3,1,0,0,"support","medium"
"10057",0.89,0.61,3,211,2,0,0,0,"support","low"
"10059",0.84,0.75,2,168,2,0,0,0,"technical","low"
"10061",0.74,1,4,242,2,0,0,0,"management","low"
"10064",0.7,0.64,5,260,3,0,0,0,"IT","low"
"10067",0.77,0.64,3,191,3,1,0,0,"product_mng","low"
"10068",0.81,0.77,5,167,4,0,0,0,"product_mng","low"
"10070",0.96,0.73,4,273,2,0,0,0,"product_mng","low"
"10074",0.23,0.87,5,258,4,1,0,0,"accounting","high"
"10076",0.67,0.56,3,193,2,1,0,0,"IT","medium"
"10077",0.71,0.81,2,182,3,0,0,0,"management","high"
"10084",0.55,0.62,5,184,4,0,0,0,"marketing","medium"
"10085",0.63,0.41,3,180,5,1,0,0,"marketing","medium"
"10086",0.15,0.8,5,121,5,0,0,0,"sales","medium"
"10088",0.38,0.51,3,151,2,0,0,0,"sales","medium"
"10089",0.81,0.77,4,239,3,0,0,0,"sales","medium"
"10094",0.8,0.87,5,251,3,0,0,0,"sales","medium"
"10095",0.85,0.69,3,263,3,0,0,0,"sales","medium"
"10097",0.29,0.4,4,138,4,0,0,0,"sales","low"
"10099",0.73,0.83,5,266,5,0,0,0,"sales","low"
"10100",0.55,0.74,2,116,3,0,0,0,"sales","low"
"10105",0.73,0.55,3,206,4,0,0,0,"accounting","low"
"10106",0.48,0.99,5,180,2,0,0,0,"accounting","low"
"10107",0.64,0.74,4,157,4,0,0,0,"accounting","low"
"10111",0.92,0.9,4,179,3,0,0,0,"hr","low"
"10115",0.67,0.64,3,203,2,1,0,0,"technical","low"
"10118",0.35,0.71,6,204,4,1,0,0,"technical","medium"
"10128",0.89,0.85,3,166,3,0,0,0,"support","medium"
"10133",0.14,0.49,4,115,4,0,0,0,"support","medium"
"10137",0.94,0.58,4,216,3,0,0,0,"management","low"
"10140",0.85,0.77,4,264,3,0,0,0,"IT","low"
"10141",0.8,0.98,3,189,6,0,0,0,"IT","low"
"10144",0.93,0.9,3,172,3,0,0,0,"product_mng","medium"
"10146",0.51,0.74,4,151,3,0,0,0,"product_mng","medium"
"10148",0.55,0.55,5,256,3,0,0,0,"RandD","medium"
"10151",0.61,0.67,3,266,3,0,0,0,"RandD","medium"
"10158",0.22,0.61,4,150,6,0,0,0,"management","medium"
"10159",0.32,0.52,4,191,2,0,0,0,"marketing","medium"
"10161",0.9,0.49,3,256,2,0,0,0,"marketing","medium"
"10166",0.57,0.89,3,202,2,0,0,0,"sales","medium"
"10167",0.55,0.83,3,157,2,0,0,0,"sales","medium"
"10173",0.53,0.64,5,281,4,0,0,0,"sales","high"
"10175",1,0.58,3,112,2,0,0,0,"sales","high"
"10180",0.33,0.65,2,239,5,0,0,0,"sales","low"
"10181",0.88,0.5,3,142,3,0,0,0,"accounting","low"
"10187",0.75,0.89,5,154,4,0,0,0,"hr","low"
"10191",0.85,0.72,3,150,2,1,0,0,"technical","low"
"10192",0.63,0.5,4,172,2,0,0,0,"technical","low"
"10194",0.87,0.92,2,248,3,0,0,0,"technical","low"
"10199",0.9,0.66,4,160,2,1,0,0,"support","medium"
"10200",0.61,0.56,2,160,3,0,0,0,"support","medium"
"10206",0.56,0.82,3,208,2,0,0,0,"support","medium"
"10208",0.53,0.56,5,236,4,1,0,0,"support","high"
"10209",0.19,0.6,5,198,4,0,0,0,"support","high"
"10210",0.5,0.8,4,261,3,0,0,0,"technical","high"
"10215",0.23,0.51,5,139,6,0,0,0,"IT","low"
"10218",0.54,0.59,4,202,3,0,0,0,"IT","low"
"10220",0.76,0.89,4,224,2,0,0,0,"product_mng","low"
"10221",0.57,0.54,4,210,3,0,0,0,"product_mng","low"
"10222",0.53,0.75,4,240,4,0,0,0,"product_mng","low"
"10223",0.86,0.55,5,149,4,0,0,0,"IT","medium"
"10234",0.72,0.67,5,210,2,0,0,0,"management","medium"
"10237",0.87,0.64,2,169,3,1,0,0,"marketing","medium"
"10242",0.98,0.58,5,186,3,0,0,0,"sales","medium"
"10245",0.97,0.67,2,147,2,0,0,0,"sales","medium"
"10246",0.79,0.56,4,177,3,0,0,0,"sales","high"
"10247",0.64,0.45,3,135,6,0,0,0,"sales","low"
"10253",0.32,0.81,5,111,4,0,0,0,"sales","medium"
"10256",0.7,0.49,4,173,3,0,0,0,"sales","medium"
"10257",0.21,0.39,6,132,5,0,0,0,"accounting","medium"
"10258",0.64,0.96,3,274,3,0,0,0,"accounting","low"
"10260",0.79,0.98,4,170,3,0,0,0,"hr","low"
"10266",0.44,0.52,3,269,4,0,0,0,"technical","low"
"10271",0.7,0.6,3,266,2,0,0,0,"technical","high"
"10274",1,0.75,3,237,3,0,0,0,"technical","high"
"10278",0.87,0.84,5,216,3,1,0,0,"support","medium"
"10280",0.85,0.96,2,260,3,0,0,0,"support","medium"
"10281",0.83,0.67,5,132,2,1,0,0,"support","medium"
"10283",0.91,0.69,4,259,3,0,0,0,"support","high"
"10285",0.94,0.58,5,190,3,1,0,0,"support","high"
"10286",0.65,0.76,4,171,4,0,0,0,"technical","low"
"10288",0.76,0.81,5,270,4,0,0,0,"technical","medium"
"10290",0.9,0.55,3,195,3,0,0,0,"IT","medium"
"10296",0.67,0.74,3,226,3,0,0,0,"product_mng","low"
"10298",0.53,0.57,4,250,3,1,0,0,"product_mng","low"
"10299",0.75,0.98,3,143,2,0,0,0,"IT","low"
"10301",0.72,0.72,5,265,3,0,0,0,"RandD","high"
"10305",0.66,0.84,4,253,4,0,0,0,"marketing","low"
"10312",0.61,0.62,4,233,3,0,0,0,"marketing","medium"
"10315",0.41,0.48,3,135,3,0,0,0,"sales","high"
"10318",0.22,0.7,4,225,4,0,0,0,"sales","medium"
"10321",0.63,0.82,5,275,3,1,0,0,"sales","medium"
"10330",0.56,0.57,4,161,3,0,0,0,"sales","medium"
"10332",0.54,0.68,3,144,5,0,0,0,"sales","medium"
"10333",0.77,0.8,2,255,2,1,0,0,"accounting","medium"
"10335",0.54,0.65,3,185,2,0,0,0,"accounting","high"
"10337",0.85,0.69,5,273,3,1,0,0,"hr","low"
"10341",0.94,0.96,4,270,3,1,0,0,"technical","low"
"10342",0.69,0.82,4,272,2,0,0,0,"technical","low"
"10351",1,0.86,4,195,4,0,0,0,"support","medium"
"10355",0.54,0.48,3,158,2,0,0,0,"support","medium"
"10360",0.24,0.65,4,248,3,0,0,0,"support","medium"
"10361",0.12,0.7,5,277,3,0,0,0,"support","medium"
"10365",0.25,0.64,4,226,5,0,0,0,"management","medium"
"10366",0.63,0.91,3,233,4,0,0,0,"IT","medium"
"10370",0.86,0.59,4,189,2,0,0,0,"IT","low"
"10371",0.98,0.89,5,181,3,0,0,0,"product_mng","low"
"10378",0.58,0.67,3,156,2,0,0,0,"RandD","low"
"10382",0.34,0.82,6,202,3,0,0,0,"sales","low"
"10395",0.7,0.58,4,207,2,1,0,0,"sales","medium"
"10398",0.81,0.84,4,173,4,0,0,0,"sales","medium"
"10406",0.22,0.69,3,212,3,0,0,0,"sales","medium"
"10407",0.25,0.82,5,244,5,1,0,0,"sales","medium"
"10410",0.4,0.58,3,135,3,0,0,0,"accounting","low"
"10415",0.57,0.94,3,230,2,0,0,0,"hr","low"
"10416",0.9,0.65,4,221,3,0,0,0,"technical","low"
"10422",0.61,0.84,3,206,2,0,0,0,"technical","low"
"10428",0.71,0.76,3,134,3,1,0,0,"support","low"
"10432",0.88,0.82,4,109,2,0,0,0,"support","medium"
"10433",0.73,0.52,4,141,3,0,0,0,"support","medium"
"10434",0.52,0.83,4,180,2,0,0,0,"support","medium"
"10442",0.21,0.69,3,144,6,1,0,0,"IT","low"
"10448",0.53,0.89,3,167,2,0,0,0,"product_mng","low"
"10449",0.94,0.89,4,192,2,0,0,0,"product_mng","low"
"10451",0.59,0.53,4,213,2,0,0,0,"IT","low"
"10455",0.55,0.93,4,251,4,1,0,0,"RandD","low"
"10459",0.49,0.5,5,183,3,0,0,0,"accounting","low"
"10462",0.97,0.62,3,167,3,0,0,0,"management","low"
"10464",0.21,0.43,2,249,3,0,0,0,"marketing","low"
"10465",0.24,0.7,6,153,5,1,0,0,"marketing","low"
"10469",0.54,0.71,3,145,3,1,0,0,"sales","medium"
"10470",0.34,0.69,2,193,3,0,0,0,"sales","medium"
"10472",0.49,0.61,3,240,3,0,0,0,"sales","medium"
"10473",0.71,1,5,210,3,0,0,0,"sales","medium"
"10474",0.64,0.72,4,152,3,1,0,0,"sales","medium"
"10477",0.92,0.6,3,198,2,0,0,0,"sales","medium"
"10478",0.91,0.52,3,178,3,0,0,0,"sales","medium"
"10485",0.71,0.87,3,271,2,0,0,0,"accounting","medium"
"10489",0.6,0.74,3,175,3,1,0,0,"hr","low"
"10491",0.5,0.7,4,135,3,0,0,0,"hr","low"
"10494",0.66,0.94,4,176,2,1,0,0,"technical","low"
"10499",0.98,0.56,5,188,3,0,0,0,"technical","low"
"10510",0.66,0.56,2,104,3,1,0,0,"support","medium"
"10513",0.88,0.71,5,255,3,0,0,0,"support","medium"
"10514",0.66,0.9,4,268,3,0,0,0,"technical","medium"
"10518",0.54,0.95,5,255,2,0,0,0,"IT","medium"
"10519",0.24,0.95,3,168,4,0,0,0,"IT","medium"
"10520",0.65,0.74,4,228,2,1,0,0,"IT","medium"
"10526",0.75,0.53,3,244,2,0,0,0,"product_mng","low"
"10527",0.8,0.96,4,160,4,0,0,0,"IT","low"
"10528",0.56,0.93,4,260,4,0,0,0,"RandD","low"
"10532",0.81,0.91,3,184,3,0,0,0,"RandD","low"
"10535",0.83,0.5,5,274,3,0,0,0,"accounting","low"
"10536",0.97,0.81,3,145,3,0,0,0,"support","low"
"10538",0.84,0.66,3,114,6,1,0,0,"management","low"
"10539",0.9,1,4,218,2,0,0,0,"marketing","low"
"10540",0.82,0.77,4,152,2,1,0,0,"marketing","low"
"10542",0.18,0.73,6,231,4,0,0,0,"sales","low"
"10543",0.33,1,2,210,3,1,0,0,"sales","medium"
"10548",0.18,0.48,4,240,4,0,0,0,"sales","medium"
"10552",0.92,0.9,4,203,4,0,0,0,"sales","medium"
"10556",0.75,0.9,3,140,3,0,0,0,"sales","low"
"10566",0.85,0.64,4,188,3,0,0,0,"hr","low"
"10571",0.64,0.51,4,177,3,0,0,0,"technical","low"
"10578",0.16,0.73,4,197,2,0,0,0,"technical","low"
"10579",0.61,0.96,3,247,3,0,0,0,"support","low"
"10580",0.52,0.79,4,234,3,0,0,0,"support","low"
"10586",0.79,0.77,3,201,6,1,0,0,"support","medium"
"10588",0.75,0.83,3,146,3,0,0,0,"support","medium"
"10589",0.81,0.64,4,213,3,0,0,0,"support","medium"
"10594",0.61,0.67,4,151,3,0,0,0,"IT","high"
"10598",0.79,0.44,2,236,3,0,0,0,"IT","medium"
"10599",0.52,0.98,4,265,3,0,0,0,"product_mng","medium"
"10602",0.85,0.99,3,208,2,0,0,0,"product_mng","low"
"10604",0.64,0.6,3,135,3,0,0,0,"RandD","low"
"10606",0.61,0.75,3,140,3,0,0,0,"RandD","low"
"10607",0.87,0.61,3,162,2,0,0,0,"RandD","low"
"10609",0.96,0.51,4,225,3,0,0,0,"marketing","medium"
"10610",0.75,0.92,3,211,3,0,0,0,"sales","medium"
"10613",0.6,0.6,3,242,3,0,0,0,"technical","medium"
"10614",0.9,0.81,4,175,3,0,0,0,"management","medium"
"10615",0.89,0.92,3,195,2,0,0,0,"marketing","medium"
"10618",0.66,0.56,4,185,3,0,0,0,"sales","medium"
"10622",0.41,0.68,3,191,4,0,0,0,"sales","medium"
"10635",0.56,0.99,4,230,3,0,0,0,"sales","high"
"10639",0.74,0.87,5,264,3,0,0,0,"accounting","high"
"10640",0.75,0.83,4,133,4,0,0,0,"hr","high"
"10644",0.91,0.78,3,269,3,1,0,0,"technical","high"
"10651",0.59,0.69,3,162,3,0,0,0,"technical","low"
"10656",0.96,0.85,5,168,2,0,0,0,"support","low"
"10657",0.62,0.87,4,221,3,1,0,0,"support","low"
"10663",0.8,0.66,4,223,3,0,0,0,"support","medium"
"10668",0.79,0.87,3,194,2,0,0,0,"technical","medium"
"10669",0.65,0.88,4,173,3,0,0,0,"management","medium"
"10671",0.58,0.49,3,167,3,0,0,0,"IT","medium"
"10674",0.63,0.72,6,163,4,0,0,0,"IT","high"
"10678",0.52,0.37,2,118,2,0,0,0,"product_mng","high"
"10679",0.16,0.83,5,173,4,0,0,0,"IT","high"
"10681",0.92,0.76,5,132,3,1,0,0,"RandD","low"
"10684",0.73,0.48,4,139,2,0,0,0,"RandD","low"
"10685",0.44,0.61,5,230,6,0,0,0,"marketing","low"
"10687",0.62,0.95,4,140,2,0,0,0,"accounting","low"
"10694",0.73,0.97,4,163,3,0,0,0,"sales","medium"
"10697",0.82,0.67,3,229,3,0,0,0,"sales","medium"
"10700",0.79,0.49,3,273,3,0,0,0,"sales","medium"
"10704",0.84,0.64,2,211,3,0,0,0,"sales","medium"
"10708",0.96,0.55,3,225,4,1,0,0,"sales","medium"
"10712",0.57,0.91,3,193,2,0,0,0,"sales","low"
"10717",0.98,0.91,3,165,2,1,0,0,"hr","medium"
"10722",0.78,0.98,4,207,2,1,0,0,"technical","medium"
"10725",0.82,0.62,3,152,6,0,0,0,"technical","low"
"10730",0.68,0.78,5,233,3,0,0,0,"technical","high"
"10735",0.67,0.49,3,185,3,0,0,0,"support","low"
"10738",0.7,0.95,4,231,3,0,0,0,"support","medium"
"10739",0.68,0.84,3,270,3,0,0,0,"support","high"
"10741",0.97,0.83,3,238,2,0,0,0,"support","medium"
"10743",0.55,0.87,3,201,2,0,0,0,"technical","medium"
"10752",0.84,0.96,6,155,5,0,0,0,"product_mng","medium"
"10754",0.6,0.86,6,247,6,0,0,0,"product_mng","medium"
"10757",0.31,0.51,2,146,3,0,0,0,"RandD","low"
"10758",0.73,0.99,3,241,3,0,0,0,"RandD","low"
"10764",0.28,0.37,3,164,4,1,0,0,"accounting","low"
"10765",0.94,0.52,4,217,6,1,0,0,"support","low"
"10776",0.24,0.62,5,199,4,0,0,0,"sales","low"
"10777",0.89,0.99,4,205,2,0,0,1,"sales","medium"
"10781",0.87,0.94,4,189,3,0,0,1,"sales","medium"
"10783",0.75,0.77,5,199,4,0,0,0,"sales","medium"
"10786",0.94,0.86,3,221,3,1,0,0,"sales","medium"
"10792",0.8,0.77,4,194,3,0,0,0,"accounting","medium"
"10795",0.66,0.8,4,192,3,0,0,0,"hr","medium"
"10804",0.5,0.75,3,204,2,0,0,0,"technical","high"
"10810",0.51,0.74,6,98,3,0,0,0,"support","low"
"10812",0.97,0.93,5,137,2,1,0,0,"support","low"
"10813",0.91,0.75,4,159,3,1,0,0,"support","low"
"10819",0.63,0.49,4,151,3,0,0,0,"technical","medium"
"10825",0.77,0.5,3,141,3,0,0,0,"IT","medium"
"10841",0.63,0.64,3,180,3,0,0,0,"accounting","low"
"10847",0.48,0.51,3,136,3,0,0,0,"marketing","low"
"10849",0.83,0.86,4,98,4,0,0,0,"sales","low"
"10852",0.5,0.81,3,170,2,0,0,0,"sales","low"
"10856",0.77,0.83,3,175,3,0,0,1,"sales","medium"
"10861",0.76,0.94,3,189,3,0,0,0,"sales","medium"
"10863",0.2,0.98,3,180,6,0,0,0,"sales","medium"
"10870",0.87,0.71,4,157,2,0,0,0,"hr","medium"
"10871",0.63,0.75,4,175,4,0,0,0,"hr","medium"
"10874",0.62,0.71,4,268,3,0,0,0,"technical","low"
"10876",0.66,0.91,3,191,4,0,0,0,"technical","low"
"10878",0.52,0.98,5,217,2,1,0,0,"technical","low"
"10884",0.48,0.86,5,198,4,0,0,0,"technical","low"
"10894",0.59,0.97,5,179,6,0,0,0,"support","medium"
"10895",0.92,0.98,3,149,3,0,0,0,"support","medium"
"10899",0.88,0.85,3,220,3,0,0,0,"management","medium"
"10901",1,0.79,5,171,5,0,0,0,"IT","medium"
"10904",0.8,0.62,5,190,4,1,0,0,"IT","medium"
"10910",0.92,0.64,4,217,4,0,0,0,"RandD","medium"
"10911",0.51,0.5,4,130,3,0,0,0,"RandD","medium"
"10914",0.95,0.96,3,220,3,0,0,0,"RandD","low"
"10920",0.54,0.44,3,153,2,0,0,0,"technical","low"
"10924",0.56,0.81,4,188,3,1,0,0,"marketing","low"
"10925",0.92,0.67,2,252,2,0,0,0,"sales","low"
"10932",0.81,0.77,5,251,2,0,0,0,"sales","low"
"10934",0.58,0.97,3,274,4,1,0,1,"sales","medium"
"10939",0.85,0.98,5,222,3,0,0,1,"sales","medium"
"10940",0.52,0.63,3,233,3,0,0,1,"sales","medium"
"10942",0.81,0.92,5,258,3,0,0,1,"sales","medium"
"10943",0.16,0.82,6,202,4,1,0,1,"sales","medium"
"10945",0.62,0.51,4,193,3,0,0,0,"accounting","high"
"10948",0.94,0.73,3,196,3,0,0,0,"hr","medium"
"10954",0.66,0.76,3,170,3,0,0,0,"technical","low"
"10959",0.88,0.72,5,244,2,0,0,0,"technical","low"
"10961",0.83,0.49,4,218,2,0,0,0,"technical","low"
"10963",0.65,0.79,5,233,3,0,0,0,"support","low"
"10975",0.37,0.86,6,260,3,0,0,0,"technical","medium"
"10984",0.43,0.51,5,168,4,0,0,0,"product_mng","medium"
"10988",0.54,0.73,3,157,3,0,0,0,"RandD","low"
"10992",0.73,0.68,3,121,5,0,0,0,"RandD","low"
"10993",0.65,0.76,2,170,5,0,0,0,"IT","low"
"10997",0.63,0.57,3,242,3,0,0,0,"product_mng","low"
"11001",0.49,0.6,2,113,5,0,0,0,"IT","low"
"11003",0.13,0.5,3,137,5,0,0,0,"RandD","low"
"11010",0.81,0.55,4,217,8,0,0,0,"accounting","medium"
"11017",0.62,0.79,4,268,6,0,0,0,"sales","medium"
"11018",0.73,0.88,5,233,4,1,0,0,"sales","medium"
"11021",0.65,0.91,4,224,2,1,0,0,"sales","low"
"11025",0.66,0.58,4,244,3,0,0,0,"sales","medium"
"11031",0.73,0.61,4,260,2,1,0,0,"sales","low"
"11034",0.75,0.61,3,263,3,0,0,0,"sales","low"
"11035",0.83,0.52,2,149,2,1,0,0,"sales","low"
"11040",0.31,0.87,6,240,3,1,0,0,"hr","low"
"11041",0.62,0.81,3,245,2,1,0,0,"hr","low"
"11044",0.61,0.83,4,153,2,0,0,0,"technical","low"
"11045",0.93,0.99,3,169,3,0,0,0,"technical","low"
"11046",0.89,0.39,5,218,2,0,0,0,"technical","low"
"11048",0.36,0.44,5,155,3,0,0,0,"technical","medium"
"11050",0.65,0.83,4,251,2,0,0,0,"technical","medium"
"11053",0.54,0.53,4,158,2,0,0,0,"technical","medium"
"11066",0.43,0.96,3,109,6,0,0,0,"technical","low"
"11077",0.59,0.48,3,197,3,0,0,0,"product_mng","medium"
"11088",0.55,0.86,4,169,6,0,0,0,"IT","medium"
"11092",0.86,0.82,4,212,2,0,0,0,"product_mng","medium"
"11094",0.45,0.63,5,111,5,0,0,0,"management","medium"
"11096",0.87,0.92,4,263,3,0,0,0,"management","medium"
"11099",0.69,0.83,4,252,3,0,0,0,"management","medium"
"11101",0.96,0.85,4,247,3,0,0,0,"sales","high"
"11104",0.77,0.81,4,164,3,0,0,0,"technical","high"
"11105",0.85,0.87,6,232,5,0,0,0,"management","high"
"11107",0.68,0.65,3,173,3,1,0,0,"marketing","high"
"11114",0.75,0.51,2,215,2,1,0,0,"sales","low"
"11122",0.53,0.91,5,181,3,0,0,0,"sales","low"
"11124",0.99,0.86,3,167,2,0,0,0,"sales","low"
"11125",0.29,0.75,6,271,10,0,0,0,"sales","medium"
"11126",0.54,0.83,4,201,8,1,0,0,"sales","medium"
"11130",0.8,0.9,4,211,8,0,0,0,"accounting","medium"
"11141",0.55,0.68,3,178,3,1,0,0,"technical","high"
"11142",0.87,0.55,4,197,3,0,0,0,"technical","high"
"11148",0.57,0.59,4,250,2,0,0,0,"support","low"
"11151",0.54,0.61,4,118,5,0,0,0,"support","low"
"11152",0.54,0.95,4,256,3,0,0,0,"support","low"
"11155",0.77,0.87,3,275,4,1,0,0,"support","medium"
"11156",0.7,0.88,4,180,2,0,0,0,"support","medium"
"11158",0.52,0.63,3,204,3,0,0,0,"technical","medium"
"11160",0.6,0.62,5,274,3,0,0,0,"management","medium"
"11170",0.77,0.83,5,216,4,0,0,0,"IT","medium"
"11175",0.61,0.97,6,286,4,0,0,0,"product_mng","medium"
"11176",0.57,0.39,4,132,3,0,0,0,"product_mng","high"
"11177",0.65,1,4,229,4,0,0,0,"product_mng","low"
"11179",0.61,0.96,3,214,2,0,0,0,"IT","medium"
"11180",0.65,0.9,6,217,4,1,0,1,"RandD","medium"
"11184",0.82,0.91,5,271,2,0,0,1,"RandD","medium"
"11185",0.84,0.75,4,135,3,0,0,1,"RandD","medium"
"11187",0.8,0.75,4,224,3,0,0,1,"sales","medium"
"11188",0.49,0.91,4,134,4,0,0,0,"accounting","low"
"11189",0.79,0.82,5,158,2,0,0,0,"support","low"
"11197",0.22,0.7,2,274,10,0,0,0,"sales","high"
"11198",0.5,0.48,4,130,10,0,0,0,"sales","high"
"11199",0.56,0.87,3,146,10,0,0,0,"sales","low"
"11202",0.53,0.64,3,143,2,0,0,0,"sales","low"
"11203",0.17,0.57,4,116,3,0,0,0,"sales","medium"
"11204",0.48,0.71,2,162,3,1,0,0,"sales","high"
"11210",0.38,0.43,3,188,7,0,0,0,"sales","medium"
"11212",0.5,0.82,2,286,6,0,0,0,"sales","medium"
"11217",0.5,0.71,4,163,8,0,0,1,"hr","medium"
"11219",0.95,0.84,3,261,8,1,0,1,"hr","medium"
"11221",0.51,0.39,5,132,6,1,0,1,"technical","low"
"11234",0.7,0.85,4,142,2,0,0,0,"support","low"
"11235",0.99,0.94,4,167,4,0,0,0,"support","low"
"11236",0.65,0.62,4,258,2,0,0,0,"support","high"
"11248",0.4,0.89,2,165,3,0,0,0,"IT","medium"
"11252",0.78,0.5,5,247,4,0,0,0,"product_mng","medium"
"11253",0.76,0.45,4,147,2,0,0,0,"product_mng","medium"
"11254",0.94,0.52,3,273,3,0,0,0,"product_mng","high"
"11258",0.76,0.57,5,255,4,0,0,0,"management","medium"
"11260",0.55,0.64,4,201,10,1,0,0,"management","medium"
"11264",0.98,0.98,4,170,10,0,0,0,"IT","medium"
"11266",0.18,0.75,3,142,2,0,0,0,"product_mng","low"
"11270",0.7,0.56,4,214,3,0,0,1,"management","medium"
"11273",0.66,0.57,4,161,7,0,0,1,"management","medium"
"11274",0.51,0.55,2,102,7,0,0,1,"management","medium"
"11277",0.81,0.62,3,240,6,0,0,1,"sales","low"
"11278",0.57,0.7,4,237,6,0,0,0,"accounting","low"
"11283",0.61,0.42,2,103,8,0,0,0,"marketing","medium"
"11284",0.66,0.85,3,178,8,1,0,0,"marketing","medium"
"11293",0.29,0.37,6,187,10,1,0,0,"sales","high"
"11296",0.53,0.79,3,221,10,1,0,0,"sales","medium"
"11297",0.69,0.73,4,257,10,1,0,0,"sales","medium"
"11309",0.83,0.93,3,247,2,0,0,0,"hr","low"
"11310",0.55,0.4,3,158,3,0,0,0,"hr","low"
"11314",0.5,0.59,4,214,3,1,0,0,"technical","low"
"11316",0.66,0.77,4,188,2,0,0,0,"technical","low"
"11318",0.96,0.83,3,177,4,0,0,0,"technical","low"
"11320",0.78,0.77,3,244,2,0,0,0,"technical","medium"
"11321",0.57,0.82,4,269,2,0,0,0,"technical","medium"
"11323",0.57,0.88,4,140,2,0,0,0,"support","medium"
"11332",0.86,0.61,4,193,2,0,0,0,"support","high"
"11333",0.73,0.49,4,243,2,0,0,0,"technical","low"
"11334",0.49,0.94,3,144,3,1,0,0,"technical","medium"
"11342",0.77,0.91,4,239,3,1,0,0,"product_mng","low"
"11351",0.53,0.61,3,148,10,0,0,0,"management","high"
"11352",0.64,0.52,5,258,10,1,0,0,"management","high"
"11356",0.98,0.58,4,133,3,0,0,0,"sales","low"
"11358",0.8,0.95,4,272,2,0,0,0,"sales","low"
"11359",0.73,0.77,3,233,3,0,0,0,"sales","medium"
"11360",0.82,0.8,3,162,3,0,0,0,"sales","medium"
"11364",0.57,0.6,2,163,3,0,0,0,"sales","medium"
"11374",0.42,0.45,3,227,3,0,0,0,"sales","medium"
"11377",0.95,0.52,3,183,2,1,0,0,"sales","low"
"11378",0.95,0.5,4,259,3,0,0,0,"sales","low"
"11380",0.64,0.38,5,122,4,0,0,0,"sales","low"
"11382",0.37,0.72,3,121,2,0,0,0,"sales","low"
"11384",0.86,0.89,4,153,4,0,0,0,"sales","low"
"11389",0.52,0.8,3,252,4,0,0,0,"product_mng","low"
"11390",0.16,0.42,3,182,3,1,0,0,"product_mng","low"
"11392",0.37,0.63,4,167,3,0,0,0,"IT","low"
"11396",0.54,0.79,5,249,3,1,0,0,"management","high"
"11397",0.63,0.48,4,180,4,0,0,0,"management","high"
"11401",0.15,0.75,3,150,4,0,0,1,"accounting","medium"
"11406",0.6,0.62,3,238,4,0,0,1,"marketing","medium"
"11408",0.86,0.95,4,149,3,0,0,1,"sales","medium"
"11411",0.17,0.78,3,239,6,0,0,0,"sales","low"
"11415",0.89,0.99,2,258,3,0,0,0,"sales","medium"
"11416",0.69,0.51,3,257,3,1,0,0,"IT","low"
"11419",0.75,0.99,2,237,5,1,0,0,"product_mng","low"
"11425",0.69,0.73,3,231,2,1,0,0,"management","high"
"11430",0.78,0.57,4,157,3,0,0,0,"accounting","low"
"11431",0.67,0.7,3,149,3,0,0,0,"support","low"
"11433",0.91,0.82,4,238,2,0,0,0,"management","low"
"11439",0.16,0.98,3,232,5,0,0,0,"sales","medium"
"11442",0.61,0.81,4,134,3,0,0,0,"sales","medium"
"11446",0.51,0.63,5,260,2,0,0,0,"product_mng","high"
"11447",0.31,0.7,3,132,3,0,0,0,"product_mng","low"
"11448",0.52,0.52,4,168,3,0,0,0,"product_mng","medium"
"11450",0.5,0.77,3,267,2,0,0,0,"management","high"
"11454",0.74,0.71,3,206,3,0,0,0,"management","high"
"11456",0.63,0.48,4,179,3,0,0,0,"marketing","low"
"11466",0.55,0.64,3,178,2,0,0,1,"sales","low"
"11467",0.68,0.4,3,213,5,1,0,1,"sales","low"
"11468",0.55,0.67,3,150,2,0,0,1,"sales","low"
"11469",0.59,0.62,3,166,2,0,0,0,"sales","low"
"11473",0.73,0.54,4,167,3,0,0,0,"IT","medium"
"11483",0.87,0.97,5,151,3,0,0,0,"RandD","medium"
"11486",0.71,0.53,4,196,2,1,0,0,"sales","low"
"11488",0.75,0.53,4,224,4,1,0,0,"support","medium"
"11499",0.56,0.66,4,264,3,0,0,0,"sales","low"
"11501",0.49,0.36,2,192,3,0,0,0,"sales","low"
"11503",0.6,0.52,3,183,2,0,0,0,"support","low"
"11509",0.55,0.52,4,168,8,0,0,0,"support","low"
"11510",0.75,0.87,4,146,8,1,0,0,"support","low"
"11511",0.47,0.43,4,246,3,0,0,0,"support","low"
"11512",0.72,0.88,5,216,10,1,0,0,"support","medium"
"11517",0.71,0.97,5,208,8,1,0,0,"management","medium"
"11520",0.45,0.64,3,169,10,0,0,0,"IT","medium"
"11523",0.5,0.92,4,266,7,0,0,0,"product_mng","medium"
"11525",0.81,0.47,4,153,7,0,0,0,"product_mng","low"
"11529",0.89,0.55,5,251,10,0,0,0,"management","high"
"11538",0.6,0.9,4,260,2,0,0,0,"sales","medium"
"11540",0.74,0.49,4,233,3,0,0,0,"sales","medium"
"11543",0.86,0.57,3,162,7,0,0,0,"sales","medium"
"11547",0.24,0.56,4,281,7,0,0,0,"sales","medium"
"11548",0.42,0.8,4,259,7,1,0,0,"sales","medium"
"11553",0.52,0.83,5,145,3,0,0,0,"sales","medium"
"11554",0.96,0.55,3,164,3,0,0,0,"sales","medium"
"11555",0.66,0.51,4,254,2,0,0,0,"sales","medium"
"11571",0.92,0.68,4,178,3,0,0,0,"product_mng","low"
"11572",0.79,0.56,3,149,10,0,0,0,"product_mng","low"
"11577",0.97,0.51,5,215,7,0,0,0,"management","high"
"11582",0.57,0.93,2,204,10,0,0,0,"accounting","low"
"11583",0.58,0.91,3,195,10,0,0,0,"support","low"
"11586",0.91,0.75,2,147,3,0,0,0,"marketing","low"
"11588",0.18,0.49,3,240,2,1,0,0,"marketing","low"
"11590",0.78,0.8,3,135,7,0,0,0,"sales","medium"
"11592",0.54,0.64,3,190,7,0,0,0,"sales","medium"
"11595",0.83,0.55,3,271,7,0,0,0,"sales","medium"
"11597",0.59,0.59,4,197,7,0,0,0,"IT","medium"
"11601",0.95,0.75,4,151,3,0,0,0,"product_mng","medium"
"11606",0.89,0.96,3,179,8,0,0,0,"management","high"
"11607",0.56,0.39,3,106,8,0,0,0,"management","high"
"11608",0.77,0.68,3,214,8,1,0,0,"management","high"
"11609",0.15,0.75,3,259,8,1,0,0,"marketing","high"
"11619",0.49,0.94,4,175,3,0,0,0,"sales","medium"
"11620",0.57,0.91,4,224,10,0,0,0,"sales","medium"
"11621",0.63,0.65,3,190,10,0,0,0,"sales","medium"
"11623",0.7,0.68,5,225,7,0,0,0,"sales","medium"
"11627",0.34,0.46,3,155,10,0,0,0,"product_mng","medium"
"11631",0.68,0.67,4,162,10,0,0,0,"management","high"
"11633",0.72,0.66,4,184,3,0,0,0,"management","high"
"11634",0.77,0.89,4,269,10,0,0,0,"management","high"
"11652",0.61,0.77,5,232,7,0,0,0,"sales","medium"
"11656",0.56,0.71,5,244,3,0,0,0,"product_mng","low"
"11659",0.66,0.78,4,161,6,0,0,0,"IT","low"
"11663",0.7,0.7,3,162,8,0,0,0,"RandD","high"
"11664",0.63,0.52,5,209,8,1,0,0,"RandD","low"
"11669",0.62,0.73,3,144,10,1,0,0,"support","high"
"11675",0.95,0.77,5,199,10,1,0,0,"sales","medium"
"11678",0.64,0.48,3,147,7,0,0,0,"sales","high"
"11679",0.27,0.42,6,173,7,0,0,0,"sales","medium"
"11680",0.66,0.87,3,223,7,0,0,0,"sales","high"
"11684",0.96,0.6,3,160,10,0,0,0,"support","medium"
"11685",0.69,0.85,3,153,10,0,0,0,"support","medium"
"11687",0.36,0.41,3,167,10,0,0,0,"support","low"
"11689",0.94,0.9,4,144,4,0,0,0,"support","low"
"11700",0.5,0.83,5,258,2,0,0,0,"IT","low"
"11701",0.7,0.88,3,159,2,0,0,0,"IT","high"
"11704",0.59,0.6,3,214,2,1,0,0,"product_mng","low"
"11705",0.94,0.67,4,191,3,1,0,0,"product_mng","high"
"11707",0.42,0.44,3,183,2,0,0,0,"product_mng","medium"
"11711",0.76,0.98,2,235,3,0,0,0,"management","high"
"11716",0.23,0.7,3,123,5,0,0,0,"sales","medium"
"11717",0.77,0.58,4,202,3,0,0,0,"sales","medium"
"11728",0.88,0.88,4,222,3,1,0,1,"sales","medium"
"11729",0.95,0.81,4,258,7,0,0,1,"sales","medium"
"11737",0.23,0.77,5,272,2,0,0,0,"sales","low"
"11739",0.52,0.72,4,222,3,0,0,0,"sales","low"
"11745",0.48,0.89,4,145,3,0,0,0,"sales","low"
"11746",0.27,0.76,4,108,10,0,0,0,"sales","medium"
"11748",0.48,0.7,3,213,10,0,0,0,"sales","medium"
"11751",0.39,0.45,3,100,8,1,0,0,"product_mng","medium"
"11752",0.99,0.92,4,265,4,1,0,0,"product_mng","medium"
"11753",0.78,0.57,3,209,3,0,0,0,"product_mng","medium"
"11757",0.44,0.44,2,141,7,1,0,1,"management","high"
"11758",0.73,0.78,3,262,7,1,0,1,"management","high"
"11763",0.81,0.9,4,270,10,0,0,0,"accounting","medium"
"11764",0.59,0.92,3,138,10,0,0,0,"support","low"
"11767",0.76,0.85,3,192,3,0,0,0,"marketing","low"
"11768",0.91,0.65,5,214,3,1,0,0,"marketing","low"
"11771",0.88,0.53,3,218,4,0,0,0,"sales","low"
"11781",0.82,0.67,4,156,3,0,0,0,"product_mng","low"
"11782",0.51,0.71,2,180,3,0,0,0,"product_mng","low"
"11786",0.53,0.91,4,167,4,0,0,0,"management","high"
"11788",0.58,0.9,3,209,2,0,0,0,"management","high"
"11792",0.98,0.91,3,188,4,0,0,0,"accounting","medium"
"11798",0.99,0.97,4,211,2,0,0,1,"marketing","low"
"11799",0.61,0.42,3,145,4,0,0,1,"sales","medium"
"11800",0.72,0.71,4,256,3,0,0,1,"sales","medium"
"11806",0.44,0.65,3,175,2,0,0,0,"IT","low"
"11808",0.65,0.95,2,180,2,0,0,0,"product_mng","low"
"11809",0.69,0.9,5,103,5,0,0,0,"product_mng","low"
"11815",0.53,0.47,6,106,6,0,0,0,"management","high"
"11817",0.8,0.6,5,217,3,0,0,0,"management","high"
"11819",0.66,0.6,3,210,2,0,0,0,"sales","low"
"11821",0.74,0.55,4,262,3,0,0,0,"support","low"
"11822",0.61,0.83,4,245,3,1,0,1,"technical","low"
"11823",0.57,0.99,3,222,3,1,0,1,"management","low"
"11824",0.68,0.54,4,146,4,0,0,1,"marketing","medium"
"11828",0.53,0.68,4,173,3,0,0,0,"sales","medium"
"11832",0.81,0.81,4,212,2,1,0,0,"sales","medium"
"11837",0.17,0.55,4,194,3,0,0,0,"product_mng","low"
"11838",0.7,0.95,3,158,2,0,0,0,"product_mng","medium"
"11841",0.5,0.9,5,226,2,0,0,0,"management","high"
"11843",0.68,0.75,4,258,3,0,0,0,"management","high"
"11846",0.63,0.7,5,160,3,0,0,0,"management","high"
"11848",0.62,0.76,5,198,3,0,0,0,"sales","low"
"11854",0.71,0.63,3,204,3,0,0,0,"marketing","low"
"11861",0.78,0.9,5,158,3,0,0,0,"sales","low"
"11864",0.59,0.54,4,176,2,0,0,0,"technical","medium"
"11865",0.77,0.55,3,217,3,0,0,0,"support","medium"
"11871",0.86,0.71,5,273,3,0,0,0,"support","medium"
"11875",0.73,0.9,3,274,2,0,0,0,"support","high"
"11880",0.78,0.8,3,256,2,0,0,0,"IT","medium"
"11881",0.92,0.6,3,179,2,0,0,0,"IT","low"
"11884",0.86,0.83,4,208,3,1,0,0,"IT","low"
"11888",0.96,0.59,3,241,3,0,0,0,"product_mng","low"
"11890",0.38,0.49,4,196,3,0,0,1,"management","high"
"11894",0.74,0.79,5,121,5,0,0,1,"management","high"
"11895",0.82,0.76,4,266,3,0,0,1,"management","high"
"11898",0.73,0.97,3,174,3,0,0,0,"sales","low"
"11899",0.89,0.55,4,159,2,0,0,0,"sales","medium"
"11901",0.83,0.57,2,222,2,0,0,0,"sales","medium"
"11904",0.96,0.62,4,253,7,0,0,0,"sales","medium"
"11909",0.67,0.39,2,207,7,0,0,0,"sales","medium"
"11915",0.74,0.7,4,273,3,0,0,0,"sales","medium"
"11920",0.66,0.49,5,235,8,1,0,0,"sales","low"
"11924",0.83,0.8,3,240,8,0,0,0,"sales","low"
"11937",0.53,0.8,2,225,7,1,0,1,"management","high"
"11939",0.15,0.74,6,144,7,0,0,1,"management","high"
"11944",0.85,0.72,3,245,10,0,0,0,"accounting","medium"
"11948",0.85,0.9,3,245,3,0,0,0,"marketing","medium"
"11954",0.48,0.72,3,143,4,0,0,0,"sales","medium"
"11958",0.57,0.64,4,226,7,0,0,0,"sales","low"
"11960",0.85,0.64,5,256,7,0,0,0,"product_mng","low"
"11964",0.9,0.48,4,136,7,0,0,0,"IT","low"
"11966",0.84,0.81,4,236,3,1,0,0,"IT","low"
"11967",0.92,0.65,3,176,3,0,0,0,"IT","low"
"11969",0.8,0.8,4,146,3,1,0,0,"IT","low"
"11983",0.73,0.67,2,139,8,0,0,0,"sales","medium"
"11984",0.67,0.49,5,241,8,0,0,0,"sales","medium"
"11987",0.48,0.5,5,142,4,0,0,0,"IT","medium"
"11988",0.19,0.79,4,229,4,0,0,0,"product_mng","medium"
"11990",0.9,0.76,3,255,7,0,0,0,"product_mng","low"
"11991",0.49,0.49,4,212,7,0,0,0,"product_mng","medium"
"11993",0.62,0.85,3,237,3,1,0,0,"IT","medium"
"11998",0.85,0.54,3,185,10,0,0,1,"management","high"
"12003",0.11,0.88,7,272,4,0,1,0,"sales","medium"
"12014",0.41,0.55,2,148,3,0,1,0,"sales","low"
"12019",0.45,0.51,2,160,3,1,1,1,"sales","low"
"12021",0.11,0.83,6,282,4,0,1,0,"sales","low"
"12022",0.38,0.55,2,147,3,0,1,0,"sales","low"
"12032",0.45,0.57,2,134,3,0,1,0,"hr","low"
"12033",0.4,0.51,2,145,3,0,1,0,"hr","low"
"12036",0.1,0.94,6,255,4,0,1,0,"technical","low"
"12038",0.45,0.5,2,126,3,0,1,0,"technical","low"
"12042",0.45,0.48,2,158,3,0,1,0,"technical","low"
"12046",0.84,0.74,3,182,4,0,1,0,"technical","low"
"12060",0.85,1,4,225,5,0,1,0,"technical","low"
"12061",0.85,0.91,5,226,5,0,1,0,"management","medium"
"12062",0.11,0.93,7,308,4,0,1,0,"IT","medium"
"12063",0.1,0.95,6,244,5,0,1,0,"IT","medium"
"12066",0.81,0.7,6,161,4,0,1,0,"IT","medium"
"12072",0.09,0.77,5,275,4,0,1,0,"product_mng","medium"
"12075",0.11,0.97,6,277,4,0,1,0,"product_mng","medium"
"12081",0.45,0.54,2,140,3,0,1,0,"support","low"
"12089",0.37,0.57,2,130,3,0,1,0,"sales","low"
"12090",0.1,0.79,6,291,4,0,1,0,"sales","low"
"12096",0.37,0.51,2,155,3,0,1,0,"sales","low"
"12100",0.9,1,5,221,6,0,1,0,"sales","medium"
"12107",0.91,1,4,257,5,0,1,0,"accounting","medium"
"12109",0.71,0.87,3,177,4,0,1,0,"hr","medium"
"12120",0.4,0.46,2,132,3,0,1,0,"technical","low"
"12126",0.11,0.92,6,260,4,0,1,0,"support","low"
"12128",0.7,0.89,3,183,5,0,1,0,"support","low"
"12131",0.1,0.83,6,292,4,0,1,0,"support","low"
"12139",0.74,1,4,249,5,0,1,0,"IT","low"
"12140",0.73,0.87,5,257,5,0,1,0,"IT","low"
"12142",0.45,0.53,2,155,3,0,1,0,"IT","low"
"12145",0.84,0.99,4,267,5,0,1,0,"product_mng","low"
"12148",0.11,0.87,6,306,4,0,1,0,"IT","low"
"12150",0.39,0.5,2,147,3,0,1,0,"marketing","low"
"12156",0.11,0.8,6,304,4,0,1,0,"accounting","low"
"12157",0.83,1,5,240,5,0,1,0,"support","low"
"12158",0.11,0.92,6,305,4,0,1,0,"technical","low"
"12160",0.45,0.45,2,132,3,0,1,0,"marketing","low"
"12163",0.45,0.51,2,147,3,0,1,0,"sales","low"
"12164",0.79,0.89,5,239,5,0,1,0,"sales","low"
"12167",0.43,0.55,2,129,3,0,1,0,"sales","low"
"12168",0.31,0.54,5,132,5,0,1,0,"sales","low"
"12169",0.32,0.5,2,135,5,0,1,0,"sales","low"
"12173",0.11,0.78,7,278,4,0,1,0,"sales","low"
"12175",0.7,0.53,2,274,4,0,1,0,"sales","low"
"12176",0.54,0.74,4,164,2,0,1,0,"sales","low"
"12177",0.41,0.48,2,148,3,0,1,0,"sales","low"
"12191",0.09,0.8,7,283,5,0,1,0,"technical","low"
"12197",0.27,0.54,7,278,3,0,1,0,"technical","low"
"12204",0.1,0.93,6,256,4,0,1,0,"support","low"
"12210",0.38,0.52,2,153,3,0,1,0,"support","low"
"12216",0.36,0.51,2,155,3,0,1,0,"IT","low"
"12218",0.9,0.98,5,245,5,0,1,0,"IT","low"
"12219",0.43,0.53,2,131,3,0,1,0,"IT","low"
"12222",0.37,0.5,2,135,3,0,1,0,"product_mng","low"
"12223",0.37,0.51,2,153,3,0,1,0,"product_mng","low"
"12224",0.87,0.9,5,252,5,0,1,0,"IT","low"
"12227",0.37,0.46,2,158,3,0,1,0,"hr","low"
"12231",0.42,0.47,2,159,3,0,1,0,"marketing","low"
"12236",0.83,0.85,4,255,5,0,1,0,"management","low"
"12238",0.43,0.45,2,135,3,0,1,0,"marketing","low"
"12239",0.43,0.53,2,146,3,0,1,0,"marketing","low"
"12240",0.1,0.97,7,254,4,0,1,0,"sales","low"
"12242",0.37,0.46,2,156,3,0,1,0,"sales","low"
"12243",0.38,0.53,2,156,3,0,1,0,"sales","low"
"12244",0.4,0.5,2,128,3,0,1,0,"sales","low"
"12250",0.11,0.84,6,298,4,0,1,0,"sales","low"
"12251",0.79,0.87,5,261,5,0,1,0,"sales","low"
"12252",0.79,0.92,5,254,6,0,1,0,"sales","low"
"12255",0.6,0.92,2,258,5,0,1,0,"sales","low"
"12258",0.42,0.54,2,156,3,0,1,0,"sales","medium"
"12262",0.82,0.97,5,263,5,0,1,0,"hr","medium"
"12263",0.44,0.56,2,131,3,0,1,0,"hr","medium"
"12264",0.11,0.78,6,260,4,0,1,0,"hr","medium"
"12270",0.38,0.86,6,139,6,0,1,0,"technical","medium"
"12276",0.81,0.95,5,238,6,0,1,0,"technical","low"
"12283",0.83,0.92,5,267,6,0,1,0,"support","low"
"12287",0.11,0.83,6,306,4,0,1,0,"support","low"
"12290",0.36,0.48,2,137,3,0,1,0,"technical","low"
"12291",0.4,0.46,2,128,3,0,1,0,"management","low"
"12292",0.87,0.84,5,231,5,0,1,0,"IT","low"
"12295",0.1,0.93,6,253,4,0,1,0,"IT","medium"
"12296",0.38,0.51,2,146,3,0,1,0,"IT","medium"
"12298",0.4,0.52,2,147,3,0,1,0,"product_mng","medium"
"12301",0.45,0.55,2,151,3,0,1,0,"IT","medium"
"12302",0.12,1,3,278,4,0,1,0,"RandD","medium"
"12303",0.1,0.77,7,250,5,0,1,0,"RandD","medium"
"12304",0.37,0.55,2,127,3,0,1,0,"RandD","medium"
"12306",0.45,0.47,2,135,3,0,1,0,"RandD","medium"
"12307",0.37,0.46,2,149,3,0,1,0,"marketing","high"
"12315",0.1,0.81,6,268,4,0,1,0,"marketing","low"
"12318",0.37,0.46,2,153,3,0,1,0,"sales","low"
"12320",0.4,0.46,2,130,3,0,1,0,"sales","low"
"12323",0.61,0.47,2,253,3,0,1,0,"sales","low"
"12328",0.88,0.99,5,262,6,0,1,0,"sales","low"
"12338",0.44,0.51,2,140,3,0,1,0,"hr","medium"
"12341",0.09,0.89,7,308,5,0,1,0,"hr","medium"
"12343",0.9,1,5,232,5,0,1,0,"technical","medium"
"12347",0.81,1,4,253,5,0,1,0,"technical","low"
"12363",0.41,0.54,2,145,3,0,1,0,"support","low"
"12365",0.4,0.5,2,141,3,1,1,0,"technical","low"
"12366",0.91,0.87,4,235,5,0,1,0,"technical","low"
"12368",0.4,0.56,2,131,3,0,1,0,"IT","low"
"12375",0.86,0.84,5,254,5,0,1,0,"product_mng","medium"
"12376",0.73,0.99,5,262,5,0,1,0,"product_mng","medium"
"12384",0.38,0.51,2,159,3,0,1,0,"sales","medium"
"12392",0.45,0.55,2,148,3,0,1,0,"sales","low"
"12393",0.84,1,4,261,5,0,1,0,"sales","low"
"12394",0.11,0.93,6,282,4,0,1,0,"sales","low"
"12399",0.87,0.83,4,265,6,0,1,0,"sales","low"
"12401",0.91,1,5,251,6,0,1,0,"sales","low"
"12402",0.76,0.92,4,246,5,0,1,0,"sales","low"
"12406",0.47,0.5,4,254,4,0,1,0,"sales","low"
"12407",0.73,0.99,5,241,5,0,1,0,"sales","low"
"12408",0.09,0.94,6,257,4,0,1,0,"sales","low"
"12410",0.82,0.98,4,233,5,0,1,0,"sales","low"
"12412",0.84,0.99,4,262,6,0,1,0,"accounting","medium"
"12416",0.42,0.48,2,155,3,0,1,0,"hr","medium"
"12417",0.82,1,4,229,6,0,1,0,"hr","medium"
"12425",0.45,0.46,2,130,3,0,1,0,"technical","low"
"12428",0.55,0.6,3,180,4,0,1,0,"technical","medium"
"12432",0.41,0.57,2,160,3,0,1,0,"support","low"
"12436",0.41,0.47,2,135,3,0,1,0,"support","low"
"12437",0.11,0.85,6,261,4,0,1,0,"support","low"
"12453",0.1,0.87,6,286,4,0,1,0,"IT","medium"
"12454",0.37,0.54,2,145,3,0,1,0,"RandD","medium"
"12455",0.09,0.97,7,254,4,1,1,0,"RandD","medium"
"12456",0.44,0.53,2,127,3,0,1,0,"RandD","medium"
"12462",0.43,0.5,2,137,3,0,1,0,"support","medium"
"12465",0.82,0.98,5,234,5,0,1,0,"marketing","medium"
"12466",0.37,0.54,2,152,3,0,1,0,"marketing","medium"
"12479",0.76,0.83,5,227,5,0,1,0,"sales","low"
"12485",0.38,0.52,2,145,3,0,1,0,"sales","low"
"12486",0.32,0.95,5,172,2,0,1,0,"sales","low"
"12487",0.38,0.49,2,135,3,0,1,0,"accounting","low"
"12488",0.19,1,4,192,4,0,1,0,"accounting","low"
"12489",0.1,0.83,7,276,4,0,1,0,"accounting","low"
"12490",0.76,0.88,4,206,4,0,1,0,"hr","medium"
"12492",0.39,0.51,2,151,3,0,1,0,"hr","medium"
"12493",0.11,0.83,6,244,4,0,1,0,"hr","medium"
"12494",0.1,0.94,6,309,4,0,1,0,"technical","medium"
"12498",0.59,0.49,7,263,4,0,1,0,"technical","medium"
"12501",0.91,0.84,5,265,5,0,1,0,"technical","medium"
"12504",0.43,0.51,2,155,3,0,1,0,"technical","medium"
"12505",0.78,0.83,4,217,6,0,1,0,"support","medium"
"12506",0.11,0.97,6,289,5,0,1,0,"support","medium"
"12508",0.39,0.54,2,158,3,0,1,0,"support","low"
"12510",0.37,0.57,2,155,3,0,1,0,"support","low"
"12511",0.44,0.48,2,146,3,0,1,0,"support","low"
"12514",0.11,0.89,6,293,4,0,1,0,"support","low"
"12515",0.83,0.96,5,275,5,0,1,0,"support","low"
"12519",0.44,0.54,2,151,3,0,1,0,"management","low"
"12525",0.75,0.99,5,221,5,0,1,0,"product_mng","low"
"12529",0.09,0.8,6,301,5,0,1,0,"IT","medium"
"12537",0.11,0.85,6,305,4,0,1,0,"accounting","medium"
"12539",0.87,1,5,261,5,1,1,0,"technical","medium"
"12540",0.11,0.94,7,244,4,0,1,0,"management","medium"
"12542",0.81,0.87,4,254,5,0,1,0,"marketing","low"
"12543",0.77,0.91,5,236,5,0,1,0,"marketing","medium"
"12546",0.78,1,5,236,5,0,1,0,"sales","medium"
"12547",0.37,0.47,2,149,3,0,1,0,"sales","low"
"12548",0.37,0.5,2,141,3,0,1,0,"sales","low"
"12555",0.43,0.53,2,150,3,0,1,0,"sales","low"
"12564",0.1,0.77,7,291,4,0,1,0,"accounting","low"
"12565",0.41,0.53,2,157,3,0,1,0,"accounting","low"
"12566",0.79,0.58,3,294,4,0,1,0,"hr","low"
"12567",0.11,0.79,7,310,4,0,1,0,"hr","low"
"12569",0.44,0.51,2,134,3,0,1,0,"hr","medium"
"12572",0.73,1,4,252,5,0,1,0,"technical","medium"
"12574",0.36,0.47,2,148,3,0,1,0,"technical","medium"
"12581",0.44,0.51,2,145,3,0,1,0,"support","low"
"12586",0.4,0.51,2,139,3,0,1,0,"support","low"
"12596",0.09,0.87,5,263,4,0,1,0,"IT","low"
"12598",0.11,0.9,6,263,4,0,1,0,"IT","low"
"12603",0.1,0.84,7,250,4,0,1,0,"product_mng","low"
"12604",0.83,0.9,5,245,5,0,1,0,"product_mng","low"
"12606",0.86,0.92,5,252,5,0,1,0,"RandD","low"
"12611",0.09,0.95,7,256,4,0,1,0,"marketing","medium"
"12613",0.37,0.47,2,138,3,1,1,0,"accounting","medium"
"12616",0.1,0.88,7,267,4,0,1,0,"management","medium"
"12622",0.1,0.86,6,247,4,0,1,0,"sales","medium"
"12623",0.1,0.55,2,247,4,0,1,0,"sales","medium"
"12624",0.36,0.52,2,146,3,0,1,0,"sales","medium"
"12625",0.38,0.5,2,140,3,0,1,0,"sales","low"
"12627",0.44,0.49,2,145,3,0,1,0,"sales","low"
"12629",0.72,0.85,5,244,6,0,1,0,"sales","low"
"12630",0.46,0.54,2,144,3,0,1,0,"sales","low"
"12632",0.34,0.67,4,141,2,0,1,0,"sales","low"
"12633",0.11,0.89,6,260,5,0,1,0,"sales","low"
"12635",0.82,0.92,5,225,5,0,1,0,"sales","low"
"12636",0.39,0.57,2,127,3,0,1,0,"sales","low"
"12637",0.44,0.53,2,140,3,0,1,0,"sales","low"
"12639",0.84,0.83,4,227,5,0,1,0,"accounting","low"
"12645",0.58,0.62,4,238,3,0,1,0,"hr","low"
"12650",0.46,0.5,2,156,3,0,1,0,"technical","medium"
"12661",0.44,0.5,2,130,3,0,1,0,"support","medium"
"12665",0.1,0.77,5,276,4,0,1,0,"support","low"
"12667",0.46,0.62,6,213,3,0,1,0,"support","low"
"12673",0.46,0.57,2,154,3,0,1,0,"IT","low"
"12680",0.86,1,5,229,5,0,1,0,"product_mng","low"
"12682",0.4,0.49,2,128,3,0,1,0,"sales","low"
"12691",0.36,0.49,2,145,3,0,1,0,"technical","medium"
"12693",0.84,0.86,5,268,5,0,1,0,"marketing","medium"
"12695",0.78,0.71,3,249,5,0,1,0,"marketing","medium"
"12697",0.1,0.81,7,291,4,0,1,0,"sales","high"
"12698",0.11,0.8,6,306,4,0,1,0,"sales","low"
"12703",0.45,0.5,2,147,3,0,1,0,"sales","low"
"12704",0.44,0.53,2,159,3,0,1,0,"sales","low"
"12707",0.79,0.93,4,226,5,0,1,0,"sales","low"
"12713",0.84,0.98,5,270,5,0,1,0,"sales","low"
"12716",0.36,0.45,2,127,3,0,1,0,"accounting","low"
"12718",0.11,0.78,6,243,4,0,1,0,"hr","low"
"12720",0.8,1,5,260,5,0,1,0,"hr","low"
"12722",0.31,0.87,4,184,3,0,1,0,"technical","low"
"12724",0.38,0.54,2,135,3,0,1,0,"technical","medium"
"12728",0.43,0.57,2,160,3,0,1,0,"technical","medium"
"12731",0.43,0.47,2,128,3,0,1,0,"technical","medium"
"12735",0.11,0.92,7,255,4,0,1,0,"support","medium"
"12745",0.39,0.52,2,134,3,0,1,0,"technical","low"
"12746",0.11,0.78,6,245,4,0,1,0,"technical","low"
"12747",0.36,0.5,2,132,3,0,1,0,"management","low"
"12750",0.86,0.84,4,246,6,0,1,0,"IT","low"
"12752",0.46,0.45,2,138,3,0,1,1,"IT","low"
"12757",0.77,0.92,5,235,5,0,1,0,"IT","low"
"12759",0.39,0.54,2,127,3,0,1,0,"sales","low"
"12761",0.1,0.9,7,290,4,0,1,0,"sales","low"
"12764",0.39,0.46,2,159,3,0,1,0,"sales","medium"
"12767",0.75,0.81,5,227,5,0,1,0,"technical","medium"
"12768",0.44,0.54,2,127,3,0,1,0,"management","medium"
"12771",0.1,0.83,6,300,4,0,1,0,"marketing","medium"
"12779",0.1,0.92,7,269,4,0,1,0,"sales","medium"
"12786",0.97,0.78,3,268,3,1,0,0,"technical","low"
"12788",0.88,0.6,4,162,2,0,0,0,"technical","low"
"12792",0.82,0.49,4,276,4,0,0,0,"support","low"
"12799",0.75,0.83,3,146,3,0,0,0,"support","medium"
"12804",0.59,0.72,4,168,4,0,0,0,"management","medium"
"12810",0.52,0.98,4,265,3,0,0,0,"product_mng","medium"
"12811",0.97,0.52,4,207,3,0,0,0,"product_mng","low"
"12812",0.63,0.94,4,219,3,0,0,0,"product_mng","low"
"12814",0.59,0.74,3,240,3,0,0,0,"IT","low"
"12817",0.61,0.75,3,140,3,0,0,0,"RandD","low"
"12823",0.52,0.97,4,170,3,0,0,0,"support","medium"
"12825",0.9,0.81,4,175,3,0,0,0,"management","medium"
"12828",0.99,0.55,3,170,3,0,0,0,"marketing","medium"
"12829",0.66,0.56,4,185,3,0,0,0,"sales","medium"
"12831",0.19,0.72,4,102,3,0,0,0,"sales","medium"
"12832",0.39,0.37,5,156,4,0,0,0,"sales","medium"
"12835",0.95,0.54,4,235,4,0,0,0,"sales","medium"
"12838",0.16,0.54,5,206,5,0,0,0,"sales","medium"
"12842",0.95,0.71,4,151,4,0,0,0,"sales","medium"
"12844",0.78,0.91,3,177,2,0,0,0,"sales","high"
"12853",0.93,0.59,3,202,2,0,0,0,"hr","high"
"12854",0.76,0.7,3,136,2,0,0,0,"hr","high"
"12857",0.78,0.52,5,192,3,1,0,0,"technical","low"
"12859",0.58,0.69,4,165,3,0,0,0,"technical","low"
"12863",0.13,0.76,5,219,4,0,0,0,"technical","low"
"12866",0.53,0.96,4,272,2,0,0,0,"support","low"
"12873",0.49,0.37,5,246,3,0,0,0,"support","medium"
"12874",0.8,0.66,4,223,3,0,0,0,"support","medium"
"12875",0.54,0.76,4,244,2,0,0,0,"support","medium"
"12886",0.72,0.79,3,221,3,0,0,0,"product_mng","high"
"12887",0.36,0.55,3,191,3,0,0,0,"product_mng","high"
"12892",0.92,0.76,5,132,3,1,0,0,"RandD","low"
"12898",0.62,0.95,4,140,2,0,0,0,"accounting","low"
"12899",0.94,0.8,4,266,3,1,0,0,"support","medium"
"12900",0.76,0.74,4,261,3,0,0,0,"technical","medium"
"12901",0.89,0.49,4,275,3,0,0,0,"management","medium"
"12904",0.71,0.9,3,138,3,0,0,0,"marketing","medium"
"12908",0.82,0.67,3,229,3,0,0,0,"sales","medium"
"12913",0.22,0.61,3,148,5,0,0,0,"sales","medium"
"12918",0.93,0.59,3,273,2,1,0,0,"sales","medium"
"12919",0.96,0.55,3,225,4,1,0,0,"sales","medium"
"12920",0.56,0.41,5,152,3,0,0,0,"sales","medium"
"12924",0.96,0.64,3,166,2,0,0,0,"accounting","medium"
"12925",0.65,0.89,5,223,3,1,0,0,"accounting","medium"
"12926",0.14,0.66,5,281,4,1,0,0,"accounting","medium"
"12932",0.52,0.96,3,271,3,1,0,0,"technical","medium"
"12934",0.62,0.69,4,184,3,0,0,0,"technical","low"
"12937",0.52,0.55,3,225,2,0,0,0,"technical","low"
"12939",0.97,0.93,3,153,2,0,0,0,"technical","low"
"12944",0.28,0.95,5,191,3,0,0,0,"support","high"
"12945",0.61,0.9,3,224,3,0,0,0,"support","low"
"12946",0.67,0.49,3,185,3,0,0,0,"support","low"
"12947",0.86,0.64,3,245,4,0,0,0,"support","high"
"12952",0.97,0.83,3,238,2,0,0,0,"support","medium"
"12955",0.61,0.73,3,252,3,0,0,0,"technical","high"
"12961",0.96,0.7,3,207,3,0,0,0,"IT","high"
"12976",0.94,0.52,4,217,6,1,0,0,"support","low"
"12991",0.79,0.61,4,227,2,0,0,1,"sales","high"
"12992",0.87,0.94,4,189,3,0,0,1,"sales","medium"
"12997",0.94,0.86,3,221,3,1,0,0,"sales","medium"
"12999",0.67,0.6,5,253,6,0,0,0,"sales","medium"
"13000",0.6,0.73,5,241,3,0,0,0,"sales","high"
"13002",0.38,0.52,2,171,3,0,0,0,"accounting","medium"
"13012",0.48,0.53,3,211,4,0,0,0,"technical","low"
"13013",0.9,0.77,4,273,2,0,0,0,"technical","low"
"13015",0.5,0.75,3,204,2,0,0,0,"technical","high"
"13017",0.44,0.37,2,219,2,0,0,0,"technical","low"
"13018",0.95,0.67,4,261,3,0,0,0,"technical","low"
"13020",0.27,0.48,4,185,2,0,0,0,"support","low"
"13021",0.51,0.74,6,98,3,0,0,0,"support","low"
"13026",0.88,0.61,4,177,4,1,0,0,"support","low"
"13028",0.78,0.54,3,161,3,0,0,0,"support","medium"
"13030",0.63,0.49,4,151,3,0,0,0,"technical","medium"
"13031",0.9,0.74,3,193,3,0,0,0,"technical","medium"
"13033",0.7,0.6,5,208,3,0,0,0,"management","medium"
"13048",0.68,0.49,3,178,3,1,0,0,"RandD","low"
"13053",0.71,0.72,3,271,2,0,0,0,"support","low"
"13058",0.48,0.51,3,136,3,0,0,0,"marketing","low"
"13065",0.58,0.38,4,203,5,0,0,0,"sales","low"
"13066",0.59,0.72,3,182,3,0,0,0,"sales","medium"
"13067",0.77,0.83,3,175,3,0,0,1,"sales","medium"
"13074",0.2,0.98,3,180,6,0,0,0,"sales","medium"
"13075",0.5,0.77,4,180,3,0,0,0,"sales","medium"
"13077",0.96,0.68,3,132,2,0,0,0,"sales","medium"
"13081",0.87,0.71,4,157,2,0,0,0,"hr","medium"
"13084",0.2,0.42,4,256,5,0,0,0,"hr","low"
"13085",0.62,0.71,4,268,3,0,0,0,"technical","low"
"13091",0.73,0.67,4,205,3,0,0,0,"technical","low"
"13098",0.63,0.71,4,244,2,0,0,0,"support","low"
"13103",0.8,0.55,4,178,2,1,0,0,"support","low"
"13105",0.59,0.97,5,179,6,0,0,0,"support","medium"
"13107",0.75,0.76,3,269,2,1,0,0,"technical","medium"
"13109",0.82,0.93,3,247,3,0,0,0,"technical","medium"
"13114",0.76,0.92,3,176,2,0,0,0,"IT","medium"
"13116",0.58,0.86,4,168,2,0,0,0,"product_mng","medium"
"13117",0.73,0.93,3,205,3,0,0,0,"product_mng","high"
"13123",0.81,0.62,4,153,4,0,0,0,"RandD","low"
"13125",0.95,0.96,3,220,3,0,0,0,"RandD","low"
"13126",0.93,0.64,4,253,3,0,0,0,"RandD","low"
"13128",0.79,0.79,4,231,2,0,0,0,"sales","low"
"13130",0.64,0.9,5,266,3,0,0,0,"support","low"
"13133",0.55,0.98,4,185,2,1,0,0,"marketing","low"
"13134",0.18,0.81,4,147,4,0,0,0,"marketing","low"
"13135",0.56,0.81,4,188,3,1,0,0,"marketing","low"
"13138",0.77,0.85,4,189,2,0,0,0,"sales","low"
"13139",0.49,0.52,3,156,2,0,0,0,"sales","low"
"13142",0.8,0.82,4,271,4,0,0,0,"sales","low"
"13148",0.78,0.6,4,143,2,0,0,1,"sales","medium"
"13150",0.85,0.98,5,222,3,0,0,1,"sales","medium"
"13154",0.16,0.82,6,202,4,1,0,1,"sales","medium"
"13161",0.49,0.67,3,140,2,0,0,0,"hr","medium"
"13165",0.66,0.76,3,170,3,0,0,0,"technical","low"
"13167",0.83,0.99,5,132,3,0,0,0,"technical","low"
"13169",0.82,0.53,3,147,3,1,0,0,"technical","low"
"13170",0.88,0.72,5,244,2,0,0,0,"technical","low"
"13179",0.2,0.99,5,151,3,1,0,0,"support","low"
"13180",0.63,0.91,4,252,3,1,0,0,"support","medium"
"13182",0.48,0.61,3,251,3,0,0,0,"support","medium"
"13186",0.37,0.86,6,260,3,0,0,0,"technical","medium"
"13189",0.16,0.61,4,171,6,0,0,0,"IT","medium"
"13190",0.81,0.55,3,199,2,1,0,0,"IT","medium"
"13191",0.97,0.63,5,258,2,0,0,0,"IT","medium"
"13192",0.77,0.59,4,273,2,0,0,0,"IT","high"
"13198",0.89,0.71,4,190,3,0,0,0,"RandD","low"
"13199",0.54,0.73,3,157,3,0,0,0,"RandD","low"
"13200",0.32,0.86,4,266,4,0,0,0,"RandD","low"
"13211",0.79,0.67,5,156,2,0,0,0,"product_mng","low"
"13216",0.83,0.91,3,155,3,0,0,0,"RandD","low"
"13217",0.19,0.83,5,280,4,0,0,0,"RandD","low"
"13221",0.81,0.55,4,217,8,0,0,0,"accounting","medium"
"13222",0.62,0.91,3,269,8,0,0,0,"support","medium"
"13223",0.21,0.7,3,238,8,0,0,0,"technical","medium"
"13225",0.51,0.8,4,198,6,0,0,0,"marketing","medium"
"13232",0.65,0.91,4,224,2,1,0,0,"sales","low"
"13246",0.83,0.52,2,149,2,1,0,0,"sales","low"
"13247",0.48,1,4,261,3,0,0,0,"accounting","low"
"13250",0.61,0.52,3,224,3,0,0,0,"hr","low"
"13252",0.62,0.81,3,245,2,1,0,0,"hr","low"
"13258",0.95,0.9,3,155,3,0,0,0,"technical","medium"
"13260",0.29,0.39,6,105,6,0,0,0,"technical","medium"
"13262",0.72,0.54,4,219,2,0,0,0,"technical","medium"
"13264",0.54,0.53,4,158,2,0,0,0,"technical","medium"
"13267",0.45,0.48,3,145,2,0,0,0,"support","medium"
"13270",0.49,0.59,5,140,3,0,0,0,"support","high"
"13271",0.68,0.97,3,174,2,0,0,0,"support","low"
"13272",0.7,0.76,4,173,2,0,0,0,"support","medium"
"13280",0.12,0.49,4,191,5,0,0,0,"IT","low"
"13281",0.14,0.56,5,259,4,1,0,0,"IT","low"
"13284",1,0.86,2,264,3,0,0,0,"IT","medium"
"13288",0.59,0.48,3,197,3,0,0,0,"product_mng","medium"
"13295",0.65,0.63,4,143,8,0,0,0,"management","medium"
"13301",0.72,0.98,4,156,3,0,0,0,"product_mng","medium"
"13302",0.87,0.52,4,140,3,0,0,0,"product_mng","medium"
"13310",0.69,0.83,4,252,3,0,0,0,"management","medium"
"13311",0.61,0.9,2,142,3,0,0,0,"marketing","high"
"13314",0.96,0.82,4,244,3,0,0,0,"support","high"
"13320",0.95,0.8,3,225,2,0,0,0,"sales","high"
"13321",0.84,0.63,3,121,3,1,0,0,"sales","low"
"13323",0.94,0.73,4,204,2,0,0,0,"sales","low"
"13326",0.76,0.67,5,243,3,0,0,0,"sales","low"
"13327",0.13,0.97,4,162,6,0,0,0,"sales","low"
"13330",0.49,1,2,125,4,1,0,0,"sales","low"
"13334",1,0.77,5,269,3,0,0,0,"sales","low"
"13335",0.99,0.86,3,167,2,0,0,0,"sales","low"
"13337",0.54,0.83,4,201,8,1,0,0,"sales","medium"
"13338",0.25,0.9,6,229,8,0,0,0,"sales","medium"
"13339",0.71,0.76,4,148,8,0,0,0,"accounting","medium"
"13340",0.96,0.84,3,147,8,0,0,0,"accounting","medium"
"13345",0.62,0.84,3,270,6,0,0,0,"hr","medium"
"13346",0.75,0.85,3,250,6,0,0,0,"technical","medium"
"13351",0.74,1,4,192,4,0,0,0,"technical","high"
"13358",0.95,0.61,3,224,2,1,0,0,"support","low"
"13362",0.54,0.61,4,118,5,0,0,0,"support","low"
"13364",0.99,0.8,3,209,2,0,0,0,"support","medium"
"13366",0.77,0.87,3,275,4,1,0,0,"support","medium"
"13370",0.69,0.55,3,172,2,0,0,0,"technical","medium"
"13375",0.77,0.75,4,191,3,0,0,0,"IT","medium"
"13376",0.91,0.68,4,132,4,0,0,0,"IT","medium"
"13377",0.54,0.68,6,249,5,0,0,0,"product_mng","medium"
"13378",0.48,0.77,6,274,6,0,0,0,"product_mng","medium"
"13379",0.55,0.96,3,194,3,0,0,0,"product_mng","medium"
"13381",0.77,0.83,5,216,4,0,0,0,"IT","medium"
"13382",0.93,0.98,3,241,3,0,0,0,"IT","medium"
"13383",0.65,0.91,4,243,5,1,0,0,"IT","medium"
"13390",0.61,0.96,3,214,2,0,0,0,"IT","medium"
"13391",0.65,0.9,6,217,4,1,0,1,"RandD","medium"
"13395",0.82,0.91,5,271,2,0,0,1,"RandD","medium"
"13402",0.28,0.89,4,97,6,0,0,0,"management","low"
"13403",0.47,0.56,4,226,3,0,0,0,"marketing","low"
"13406",0.61,0.89,3,242,10,0,0,0,"sales","high"
"13407",0.47,0.79,3,284,10,0,0,0,"sales","low"
"13408",0.22,0.7,2,274,10,0,0,0,"sales","high"
"13409",0.5,0.48,4,130,10,0,0,0,"sales","high"
"13411",0.84,0.85,4,207,10,0,0,0,"sales","low"
"13412",0.69,0.72,4,210,2,1,0,0,"sales","high"
"13415",0.48,0.71,2,162,3,1,0,0,"sales","high"
"13419",0.49,0.65,4,233,7,0,0,0,"sales","medium"
"13425",0.93,0.95,5,176,6,0,0,1,"accounting","medium"
"13426",0.5,1,5,264,8,0,0,1,"accounting","high"
"13430",0.95,0.84,3,261,8,1,0,1,"hr","medium"
"13432",0.51,0.39,5,132,6,1,0,1,"technical","low"
"13435",0.97,0.66,5,234,6,0,0,0,"technical","low"
"13438",0.57,1,4,227,10,0,0,0,"technical","low"
"13440",0.71,0.64,3,267,3,0,0,0,"technical","low"
"13441",0.63,0.61,5,186,10,0,0,0,"technical","low"
"13442",0.99,0.84,4,142,10,0,0,0,"technical","high"
"13446",0.99,0.94,4,167,4,0,0,0,"support","low"
"13447",0.65,0.62,4,258,2,0,0,0,"support","high"
"13450",0.39,0.89,3,188,5,0,0,0,"support","low"
"13453",0.62,0.79,3,259,3,0,0,0,"support","medium"
"13457",0.48,0.81,4,149,2,0,0,0,"management","medium"
"13459",0.4,0.89,2,165,3,0,0,0,"IT","medium"
"13460",0.72,0.8,3,222,3,0,0,0,"IT","medium"
"13462",0.5,0.77,3,265,3,0,0,0,"IT","medium"
"13463",0.78,0.5,5,247,4,0,0,0,"product_mng","medium"
"13465",0.94,0.52,3,273,3,0,0,0,"product_mng","high"
"13466",0.24,0.94,6,144,4,0,0,0,"product_mng","low"
"13467",0.99,0.66,3,181,2,0,0,0,"IT","medium"
"13469",0.76,0.57,5,255,4,0,0,0,"management","medium"
"13473",0.81,0.85,4,134,10,1,0,0,"management","medium"
"13474",0.98,0.67,3,190,10,0,0,0,"IT","medium"
"13485",0.51,0.55,2,102,7,0,0,1,"management","medium"
"13486",0.48,0.84,4,186,7,0,0,1,"management","medium"
"13490",0.66,0.53,3,164,6,0,0,0,"support","low"
"13493",0.87,0.88,4,140,8,0,0,0,"marketing","medium"
"13495",0.66,0.85,3,178,8,1,0,0,"marketing","medium"
"13496",0.9,0.51,4,137,6,0,0,0,"sales","medium"
"13497",0.64,0.67,3,143,6,0,0,0,"sales","medium"
"13498",0.76,0.82,4,170,6,0,0,0,"sales","medium"
"13499",0.97,0.41,5,135,6,0,0,0,"sales","medium"
"13502",0.18,0.61,5,174,6,0,0,0,"sales","medium"
"13503",0.62,0.91,3,251,10,0,0,0,"sales","medium"
"13505",0.87,0.48,5,170,3,0,0,0,"sales","low"
"13507",0.53,0.79,3,221,10,1,0,0,"sales","medium"
"13508",0.69,0.73,4,257,10,1,0,0,"sales","medium"
"13510",0.7,0.77,4,245,2,0,0,0,"sales","low"
"13511",0.77,0.75,6,246,6,0,0,0,"sales","low"
"13513",0.76,0.99,3,133,4,0,0,0,"sales","low"
"13516",0.57,0.9,5,145,3,0,0,0,"accounting","low"
"13519",0.72,0.62,3,243,2,1,0,0,"hr","low"
"13520",0.83,0.93,3,247,2,0,0,0,"hr","low"
"13526",0.66,0.59,4,179,3,0,0,0,"technical","low"
"13528",0.66,0.81,3,174,3,0,0,0,"technical","low"
"13530",0.75,0.94,5,194,4,0,0,0,"technical","low"
"13531",0.78,0.77,3,244,2,0,0,0,"technical","medium"
"13538",0.82,0.71,3,150,3,0,0,0,"support","medium"
"13539",0.59,0.64,5,269,3,0,0,0,"support","medium"
"13541",1,0.74,2,187,3,0,0,0,"support","medium"
"13542",0.94,0.61,3,140,2,0,0,0,"support","medium"
"13543",0.86,0.61,4,193,2,0,0,0,"support","high"
"13547",0.83,0.5,6,165,3,0,0,0,"management","medium"
"13551",0.76,0.81,4,242,2,0,0,0,"IT","low"
"13559",0.69,0.72,4,185,10,1,0,0,"management","high"
"13560",0.14,0.76,4,142,10,0,0,0,"management","high"
"13562",0.53,0.61,3,148,10,0,0,0,"management","high"
"13566",0.62,0.97,2,271,3,0,0,0,"sales","low"
"13567",0.98,0.58,4,133,3,0,0,0,"sales","low"
"13573",0.87,0.48,5,242,3,0,0,0,"sales","medium"
"13574",0.43,0.65,4,124,2,0,0,0,"sales","medium"
"13575",0.57,0.6,2,163,3,0,0,0,"sales","medium"
"13578",0.76,0.8,5,217,2,0,0,0,"sales","medium"
"13584",0.98,0.74,3,185,3,0,0,0,"sales","medium"
"13589",0.95,0.5,4,259,3,0,0,0,"sales","low"
"13595",0.86,0.89,4,153,4,0,0,0,"sales","low"
"13596",0.43,0.38,3,119,2,0,0,0,"sales","low"
"13600",0.52,0.8,3,252,4,0,0,0,"product_mng","low"
"13601",0.16,0.42,3,182,3,1,0,0,"product_mng","low"
"13603",0.37,0.63,4,167,3,0,0,0,"IT","low"
"13605",0.33,0.97,5,130,4,0,0,0,"management","high"
"13609",0.55,0.69,4,220,3,1,0,0,"management","high"
"13610",0.84,0.53,3,210,4,1,0,0,"marketing","medium"
"13620",0.69,0.59,4,264,3,0,0,0,"sales","medium"
"13621",0.87,0.87,5,207,2,0,0,0,"sales","high"
"13623",0.94,0.51,6,239,5,0,0,0,"sales","medium"
"13628",0.5,0.51,5,134,3,0,0,0,"product_mng","low"
"13638",0.77,0.98,3,286,6,0,0,0,"management","high"
"13642",0.67,0.7,3,149,3,0,0,0,"support","low"
"13643",0.81,0.77,3,221,2,0,0,0,"technical","low"
"13647",0.54,0.52,4,173,2,0,0,0,"marketing","medium"
"13648",0.77,0.71,5,250,3,1,0,0,"sales","medium"
"13656",0.88,0.67,5,264,3,0,0,0,"product_mng","medium"
"13662",0.74,0.63,3,180,3,0,0,0,"management","high"
"13664",0.82,0.51,2,268,2,0,0,0,"management","high"
"13674",0.81,0.61,2,176,5,0,0,1,"marketing","low"
"13676",0.49,0.66,3,155,3,0,0,1,"sales","low"
"13684",0.73,0.54,4,167,3,0,0,0,"IT","medium"
"13697",0.71,0.53,4,196,2,1,0,0,"sales","low"
"13699",0.75,0.53,4,224,4,1,0,0,"support","medium"
"13700",0.7,0.53,3,215,7,1,0,0,"technical","medium"
"13701",0.59,0.94,5,157,7,1,0,0,"management","medium"
"13719",0.93,0.74,5,248,8,1,0,0,"support","low"
"13722",0.47,0.43,4,246,3,0,0,0,"support","low"
"13723",0.72,0.88,5,216,10,1,0,0,"support","medium"
"13725",0.98,0.49,3,199,10,0,0,0,"technical","medium"
"13727",0.93,0.87,4,139,8,0,0,0,"technical","medium"
"13728",0.71,0.97,5,208,8,1,0,0,"management","medium"
"13733",0.77,0.63,4,236,7,0,0,0,"IT","medium"
"13739",0.25,0.89,4,154,10,0,0,0,"management","high"
"13742",0.6,0.65,2,225,10,0,0,0,"management","high"
"13743",0.67,0.72,2,134,10,0,0,0,"management","high"
"13747",0.57,0.66,3,268,3,0,0,0,"sales","low"
"13754",0.86,0.57,3,162,7,0,0,0,"sales","medium"
"13756",0.87,0.82,4,198,7,0,0,0,"sales","medium"
"13757",0.58,0.79,3,243,3,1,0,0,"sales","medium"
"13758",0.24,0.56,4,281,7,0,0,0,"sales","medium"
"13761",0.73,0.92,6,189,3,1,0,0,"sales","medium"
"13767",0.98,0.44,4,154,6,1,0,0,"sales","medium"
"13769",0.97,0.54,3,154,8,1,0,0,"sales","medium"
"13770",0.72,0.92,3,242,8,0,0,0,"sales","medium"
"13793",0.57,0.93,2,204,10,0,0,0,"accounting","low"
"13794",0.58,0.91,3,195,10,0,0,0,"support","low"
"13795",0.6,0.98,4,146,10,0,0,0,"technical","low"
"13796",0.65,0.74,4,233,4,1,0,0,"management","low"
"13812",0.95,0.75,4,151,3,0,0,0,"product_mng","medium"
"13817",0.89,0.96,3,179,8,0,0,0,"management","high"
"13826",0.25,0.72,5,279,8,0,0,0,"marketing","low"
"13830",0.49,0.94,4,175,3,0,0,0,"sales","medium"
"13831",0.57,0.91,4,224,10,0,0,0,"sales","medium"
"13832",0.63,0.65,3,190,10,0,0,0,"sales","medium"
"13833",0.91,0.63,5,240,7,0,0,0,"sales","medium"
"13835",0.66,0.95,5,192,7,0,0,0,"sales","medium"
"13836",0.77,0.48,5,262,7,0,0,0,"IT","medium"
"13845",0.77,0.89,4,269,10,0,0,0,"management","high"
"13846",0.77,0.73,3,201,10,0,0,0,"management","high"
"13848",0.41,0.67,6,221,10,0,0,0,"marketing","medium"
"13849",0.94,0.64,5,247,10,0,0,0,"sales","medium"
"13855",0.2,0.68,5,167,7,0,0,0,"marketing","medium"
"13864",0.74,0.67,5,216,3,0,0,0,"sales","low"
"13872",0.52,0.69,5,208,8,1,0,0,"RandD","low"
"13877",0.96,0.85,4,173,3,0,0,0,"marketing","high"
"13881",0.69,0.43,5,113,8,0,0,0,"technical","medium"
"13882",0.5,0.91,4,144,8,0,0,0,"management","medium"
"13886",0.95,0.77,5,199,10,1,0,0,"sales","medium"
"13892",0.59,0.69,3,200,3,0,0,0,"sales","low"
"13893",0.93,0.98,4,189,10,0,0,0,"sales","medium"
"13895",0.96,0.6,3,160,10,0,0,0,"support","medium"
"13904",0.66,0.89,4,173,4,0,0,0,"support","low"
"13906",0.16,0.96,5,137,5,1,0,0,"technical","low"
"13909",0.7,0.58,5,168,3,0,0,0,"management","low"
"13911",0.5,0.83,5,258,2,0,0,0,"IT","low"
"13912",0.7,0.88,3,159,2,0,0,0,"IT","high"
"13913",0.53,0.73,3,163,3,1,0,0,"IT","low"
"13917",0.2,0.53,5,272,5,0,0,0,"product_mng","low"
"13919",0.43,0.66,4,135,2,0,0,0,"IT","high"
"13920",0.43,0.76,6,154,2,0,0,0,"management","high"
"13926",0.51,0.75,3,133,3,0,0,0,"sales","medium"
"13928",0.77,0.58,4,202,3,0,0,0,"sales","medium"
"13930",0.63,0.85,4,182,3,1,0,0,"sales","high"
"13931",0.55,0.45,3,179,2,1,0,0,"sales","low"
"13940",0.95,0.81,4,258,7,0,0,1,"sales","medium"
"13951",0.9,0.58,3,244,8,0,0,0,"sales","low"
"13956",0.48,0.89,4,145,3,0,0,0,"sales","low"
"13960",0.99,0.6,4,209,8,1,0,0,"IT","medium"
"13964",0.78,0.57,3,209,3,0,0,0,"product_mng","medium"
"13965",0.5,0.73,3,154,10,0,0,0,"IT","medium"
"13968",0.44,0.44,2,141,7,1,0,1,"management","high"
"13969",0.73,0.78,3,262,7,1,0,1,"management","high"
"13970",0.58,0.84,4,206,7,0,0,1,"management","high"
"13971",0.74,0.98,3,166,3,1,0,1,"management","high"
"13973",0.88,0.83,4,273,10,0,0,0,"sales","medium"
"13975",0.59,0.92,3,138,10,0,0,0,"support","low"
"13979",0.91,0.65,5,214,3,1,0,0,"marketing","low"
"13981",0.73,0.72,4,233,2,0,0,0,"sales","low"
"13982",0.88,0.53,3,218,4,0,0,0,"sales","low"
"13983",0.65,0.4,5,125,4,0,0,0,"sales","low"
"13994",0.84,0.78,4,263,3,0,0,0,"IT","low"
"13997",0.53,0.91,4,167,4,0,0,0,"management","high"
"14001",0.72,0.99,4,239,3,0,0,0,"marketing","medium"
"14007",0.97,0.61,4,262,3,1,0,1,"marketing","medium"
"14009",0.99,0.97,4,211,2,0,0,1,"marketing","low"
"14020",0.69,0.9,5,103,5,0,0,0,"product_mng","low"
"14021",0.93,0.51,4,110,3,0,0,0,"product_mng","low"
"14023",0.83,0.6,4,161,2,0,0,0,"management","high"
"14025",0.39,0.91,2,212,2,0,0,0,"management","high"
"14026",0.53,0.47,6,106,6,0,0,0,"management","high"
"14027",0.88,0.81,4,179,3,0,0,0,"management","high"
"14030",0.66,0.6,3,210,2,0,0,0,"sales","low"
"14032",0.74,0.55,4,262,3,0,0,0,"support","low"
"14034",0.57,0.99,3,222,3,1,0,1,"management","low"
"14035",0.68,0.54,4,146,4,0,0,1,"marketing","medium"
"14039",0.53,0.68,4,173,3,0,0,0,"sales","medium"
"14041",0.64,0.67,4,252,3,1,0,0,"sales","medium"
"14045",0.7,0.83,5,241,2,0,0,0,"sales","medium"
"14051",0.49,0.62,4,161,2,0,0,0,"IT","medium"
"14054",0.68,0.75,4,258,3,0,0,0,"management","high"
"14056",0.69,0.75,3,253,3,0,0,0,"management","high"
"14057",0.63,0.7,5,160,3,0,0,0,"management","high"
"14058",0.76,0.62,5,230,3,1,0,0,"marketing","low"
"14060",0.82,0.69,3,250,3,0,0,0,"accounting","low"
"14062",0.16,0.7,3,178,3,1,0,0,"technical","low"
"14065",0.71,0.63,3,204,3,0,0,0,"marketing","low"
"14067",0.92,0.94,2,224,2,0,0,0,"sales","low"
"14071",0.51,0.56,4,168,2,0,0,0,"sales","low"
"14077",0.74,0.87,5,224,2,0,0,0,"support","medium"
"14081",0.53,0.77,2,167,2,0,0,0,"support","medium"
"14084",0.97,0.94,4,253,3,0,0,0,"support","medium"
"14086",0.73,0.9,3,274,2,0,0,0,"support","high"
"14090",0.68,0.66,3,238,2,0,0,0,"management","medium"
"14096",0.61,0.49,3,275,2,0,0,0,"product_mng","low"
"14097",0.71,0.68,3,231,2,1,0,0,"product_mng","low"
"14100",0.7,0.54,3,194,2,1,0,0,"IT","low"
"14105",0.74,0.79,5,121,5,0,0,1,"management","high"
"14107",0.6,0.42,2,109,6,0,0,0,"sales","low"
"14108",0.72,0.99,3,143,4,0,0,0,"sales","low"
"14109",0.73,0.97,3,174,3,0,0,0,"sales","low"
"14110",0.89,0.55,4,159,2,0,0,0,"sales","medium"
"14111",0.74,0.94,4,157,2,0,0,0,"sales","medium"
"14113",0.24,0.88,5,199,5,1,0,0,"sales","medium"
"14114",0.93,0.89,3,255,7,1,0,0,"sales","medium"
"14115",0.96,0.62,4,253,7,0,0,0,"sales","medium"
"14121",0.85,0.58,4,186,7,0,0,0,"sales","medium"
"14123",0.64,0.64,2,190,3,0,0,0,"sales","low"
"14125",0.96,0.68,3,206,3,0,0,0,"sales","medium"
"14126",0.74,0.7,4,273,3,0,0,0,"sales","medium"
"14127",0.94,0.99,2,157,3,0,0,0,"sales","medium"
"14128",0.37,0.72,3,183,2,0,0,0,"sales","low"
"14130",0.86,0.72,3,217,3,0,0,0,"sales","low"
"14132",0.19,0.61,4,127,8,0,0,0,"sales","low"
"14133",0.65,0.61,5,167,8,0,0,0,"sales","low"
"14150",0.15,0.74,6,144,7,0,0,1,"management","high"
"14152",0.53,0.74,3,172,10,0,0,1,"management","high"
"14155",0.85,0.72,3,245,10,0,0,0,"accounting","medium"
"14158",0.63,0.94,3,172,3,0,0,0,"management","medium"
"14159",0.85,0.9,3,245,3,0,0,0,"marketing","medium"
"14163",0.71,0.69,4,222,4,0,0,0,"sales","medium"
"14165",0.48,0.72,3,143,4,0,0,0,"sales","medium"
"14167",0.83,0.76,2,255,7,0,0,0,"sales","low"
"14170",0.16,0.63,5,266,7,0,0,0,"IT","low"
"14171",0.85,0.64,5,256,7,0,0,0,"product_mng","low"
"14174",0.92,0.64,2,104,7,0,0,0,"product_mng","low"
"14176",0.82,0.8,5,205,3,0,0,0,"IT","low"
"14177",0.84,0.81,4,236,3,1,0,0,"IT","low"
"14178",0.92,0.65,3,176,3,0,0,0,"IT","low"
"14179",0.82,0.82,3,148,3,0,0,0,"IT","low"
"14180",0.8,0.8,4,146,3,1,0,0,"IT","low"
"14185",0.49,0.71,4,178,8,0,0,0,"IT","medium"
"14186",0.82,0.58,5,263,8,0,0,0,"IT","medium"
"14187",0.59,0.77,3,272,8,0,0,0,"management","high"
"14189",0.62,0.72,3,149,3,1,0,0,"marketing","medium"
"14192",0.79,0.87,4,223,5,0,0,0,"sales","medium"
"14196",0.52,0.61,4,187,4,1,0,0,"sales","medium"
"14204",0.62,0.85,3,237,3,1,0,0,"IT","medium"
"14208",0.74,0.95,5,266,10,0,0,1,"management","high"
"14209",0.85,0.54,3,185,10,0,0,1,"management","high"
"14212",0.38,0.53,2,157,3,0,1,0,"sales","low"
"14213",0.8,0.86,5,262,6,0,1,0,"sales","medium"
"14215",0.72,0.87,5,223,5,0,1,0,"sales","low"
"14220",0.89,1,5,224,5,0,1,0,"sales","low"
"14225",0.41,0.55,2,148,3,0,1,0,"sales","low"
"14226",0.36,0.56,2,137,3,0,1,0,"sales","low"
"14235",0.46,0.57,2,139,3,0,1,0,"sales","low"
"14237",0.89,0.92,5,242,5,0,1,0,"sales","low"
"14240",0.41,0.46,2,128,3,0,1,0,"accounting","low"
"14247",0.1,0.94,6,255,4,0,1,0,"technical","low"
"14255",0.1,0.8,7,281,4,0,1,0,"technical","low"
"14263",0.44,0.55,2,135,3,0,1,0,"support","low"
"14265",0.39,0.54,2,132,3,0,1,0,"support","low"
"14266",0.1,0.92,7,307,4,0,1,0,"support","low"
"14274",0.1,0.95,6,244,5,0,1,0,"IT","medium"
"14280",0.76,0.86,5,223,5,1,1,0,"product_mng","medium"
"14286",0.11,0.97,6,277,4,0,1,0,"product_mng","medium"
"14288",0.1,0.83,6,295,4,0,1,0,"product_mng","medium"
"14292",0.45,0.54,2,140,3,0,1,0,"support","low"
"14293",0.38,0.49,2,151,3,0,1,0,"technical","low"
"14296",0.11,0.77,6,291,4,0,1,0,"marketing","low"
"14299",0.44,0.45,2,132,3,0,1,0,"sales","low"
"14304",0.42,0.48,2,143,3,0,1,0,"sales","low"
"14310",0.11,0.97,6,284,4,0,1,0,"sales","low"
"14311",0.9,1,5,221,6,0,1,0,"sales","medium"
"14314",0.42,0.46,2,150,3,0,1,0,"sales","medium"
"14318",0.91,1,4,257,5,0,1,0,"accounting","medium"
"14321",0.4,0.49,2,155,3,0,1,0,"hr","medium"
"14322",0.43,0.47,2,144,3,0,1,0,"hr","medium"
"14323",0.09,0.85,6,289,4,0,1,0,"hr","high"
"14324",0.43,0.52,2,160,3,0,1,0,"technical","low"
"14329",0.11,0.84,6,251,4,0,1,0,"technical","low"
"14332",0.14,0.62,4,158,4,1,1,0,"technical","low"
"14337",0.11,0.92,6,260,4,0,1,0,"support","low"
"14338",0.38,0.49,2,132,3,0,1,0,"support","low"
"14339",0.7,0.89,3,183,5,0,1,0,"support","low"
"14342",0.1,0.83,6,292,4,0,1,0,"support","low"
"14351",0.73,0.87,5,257,5,0,1,0,"IT","low"
"14355",0.37,0.47,2,152,3,0,1,0,"product_mng","low"
"14358",0.76,0.92,4,239,5,0,1,0,"product_mng","low"
"14362",0.11,0.91,6,278,4,0,1,0,"marketing","low"
"14363",0.45,0.56,2,154,3,0,1,0,"marketing","low"
"14364",0.37,0.52,2,143,3,0,1,0,"marketing","low"
"14365",0.4,0.52,2,155,3,0,1,0,"marketing","low"
"14372",0.1,0.95,7,301,4,0,1,0,"marketing","low"
"14387",0.54,0.74,4,164,2,0,1,0,"sales","low"
"14389",0.38,0.5,2,140,3,0,1,0,"sales","medium"
"14391",0.11,0.85,6,308,5,0,1,0,"sales","medium"
"14396",0.36,0.55,2,141,3,0,1,0,"hr","medium"
"14399",0.4,0.46,2,143,3,0,1,0,"hr","medium"
"14404",0.74,0.91,4,232,5,0,1,0,"technical","medium"
"14410",0.1,0.89,7,285,4,0,1,0,"technical","low"
"14418",0.77,0.99,5,228,5,0,1,0,"support","low"
"14421",0.38,0.52,2,153,3,0,1,0,"support","low"
"14422",0.43,0.46,2,156,3,0,1,0,"technical","low"
"14423",0.39,0.5,4,294,3,0,1,0,"technical","low"
"14425",0.45,0.46,2,153,3,0,1,0,"management","low"
"14427",0.36,0.51,2,155,3,0,1,0,"IT","low"
"14432",0.1,0.84,6,286,4,0,1,0,"product_mng","low"
"14439",0.44,0.54,2,149,3,0,1,0,"hr","low"
"14440",0.85,0.95,5,236,5,0,1,0,"hr","low"
"14446",0.48,0.57,4,270,4,0,1,0,"technical","low"
"14453",0.37,0.46,2,156,3,0,1,0,"sales","low"
"14454",0.38,0.53,2,156,3,0,1,0,"sales","low"
"14457",0.45,0.46,2,155,3,0,1,0,"sales","low"
"14465",0.87,0.98,4,248,5,0,1,0,"sales","low"
"14466",0.6,0.92,2,258,5,0,1,0,"sales","low"
"14467",0.44,0.45,2,156,3,0,1,0,"sales","medium"
"14470",0.88,0.88,5,232,5,1,1,0,"accounting","medium"
"14471",0.11,0.84,6,287,4,0,1,0,"accounting","medium"
"14473",0.82,0.97,5,263,5,0,1,0,"hr","medium"
"14474",0.44,0.56,2,131,3,0,1,0,"hr","medium"
"14475",0.11,0.78,6,260,4,0,1,0,"hr","medium"
"14479",0.45,0.53,2,129,3,0,1,0,"technical","high"
"14480",0.38,0.56,2,156,3,0,1,0,"technical","low"
"14481",0.38,0.86,6,139,6,0,1,0,"technical","medium"
"14484",0.81,0.93,5,270,5,0,1,0,"technical","medium"
"14487",0.81,0.95,5,238,6,0,1,0,"technical","low"
"14488",0.1,0.97,6,267,4,1,1,0,"support","low"
"14489",0.74,0.89,5,229,6,0,1,0,"support","low"
"14490",0.09,0.78,6,254,4,0,1,0,"support","low"
"14491",0.82,0.81,4,233,4,1,1,0,"support","low"
"14492",0.1,0.98,6,268,4,0,1,0,"support","low"
"14493",0.27,0.56,3,301,3,0,1,0,"support","low"
"14494",0.83,0.92,5,267,6,0,1,0,"support","low"
"14498",0.11,0.83,6,306,4,0,1,0,"support","low"
"14501",0.36,0.48,2,137,3,0,1,0,"technical","low"
"14502",0.4,0.46,2,128,3,0,1,0,"management","low"
"14503",0.87,0.84,5,231,5,0,1,0,"IT","low"
"14504",0.41,0.49,2,146,3,0,1,0,"IT","low"
"14507",0.38,0.51,2,146,3,0,1,0,"IT","medium"
"14508",0.39,0.55,2,156,3,0,1,0,"product_mng","medium"
"14509",0.4,0.52,2,147,3,0,1,0,"product_mng","medium"
"14510",0.45,0.48,2,136,3,0,1,0,"product_mng","medium"
"14512",0.45,0.55,2,151,3,0,1,0,"IT","medium"
"14513",0.12,1,3,278,4,0,1,0,"RandD","medium"
"14516",0.89,0.87,5,255,5,0,1,0,"RandD","medium"
"14522",0.1,0.93,7,305,4,0,1,0,"technical","medium"
"14528",0.43,0.47,2,135,3,0,1,0,"sales","low"
"14530",0.11,0.94,6,276,4,0,1,0,"sales","low"
"14533",0.82,0.84,5,244,5,0,1,0,"sales","low"
"14535",0.11,0.91,7,287,4,0,1,0,"sales","low"
"14538",0.37,0.52,2,157,3,0,1,0,"sales","low"
"14541",0.44,0.48,2,148,3,0,1,0,"sales","low"
"14544",0.09,0.98,6,271,4,0,1,0,"sales","low"
"14545",0.45,0.52,2,145,3,0,1,0,"sales","medium"
"14551",0.1,0.91,6,246,4,0,1,0,"hr","medium"
"14554",0.9,1,5,232,5,0,1,0,"technical","medium"
"14555",0.41,0.56,2,143,3,0,1,0,"technical","medium"
"14561",0.4,0.46,2,149,3,0,1,0,"technical","medium"
"14565",0.43,0.57,2,135,3,0,1,0,"support","low"
"14568",0.41,0.55,2,154,3,0,1,0,"support","low"
"14571",0.09,0.91,6,275,4,0,1,0,"support","low"
"14572",0.1,0.87,6,290,4,0,1,0,"support","low"
"14576",0.4,0.5,2,141,3,1,1,0,"technical","low"
"14578",0.1,0.83,6,258,4,0,1,0,"management","low"
"14579",0.4,0.56,2,131,3,0,1,0,"IT","low"
"14582",0.37,0.45,2,142,3,0,1,0,"IT","low"
"14583",0.36,0.51,2,135,3,0,1,0,"IT","low"
"14590",0.31,0.56,4,238,2,0,1,0,"accounting","medium"
"14602",0.78,1,4,253,5,0,1,0,"marketing","low"
"14604",0.84,1,4,261,5,0,1,0,"sales","low"
"14607",0.45,0.46,2,128,3,0,1,0,"sales","low"
"14608",0.46,0.57,2,139,3,0,1,0,"sales","low"
"14611",0.1,0.87,6,250,4,0,1,0,"sales","low"
"14613",0.76,0.92,4,246,5,0,1,0,"sales","low"
"14614",0.74,1,5,275,5,0,1,0,"sales","low"
"14615",0.92,0.93,5,240,5,0,1,0,"sales","low"
"14618",0.73,0.99,5,241,5,0,1,0,"sales","low"
"14620",0.91,0.92,4,246,5,0,1,0,"sales","low"
"14622",0.28,0.45,6,218,4,0,1,0,"accounting","low"
"14626",0.91,0.97,5,233,5,0,1,0,"hr","medium"
"14634",0.86,1,5,257,5,0,1,0,"technical","medium"
"14635",0.4,0.46,2,143,3,0,1,0,"technical","high"
"14640",0.37,0.45,2,126,3,0,1,0,"support","medium"
"14643",0.41,0.57,2,160,3,0,1,0,"support","low"
"14645",0.87,0.84,4,264,6,0,1,0,"support","low"
"14650",0.77,0.9,4,237,5,0,1,0,"support","low"
"14653",0.36,0.78,2,151,4,0,1,0,"technical","low"
"14655",0.81,0.98,5,245,5,0,1,0,"IT","low"
"14656",0.39,0.54,2,127,3,0,1,0,"IT","low"
"14659",0.1,0.84,5,298,4,0,1,0,"IT","low"
"14671",0.4,0.48,2,137,3,0,1,0,"sales","medium"
"14672",0.43,0.49,2,135,3,0,1,0,"accounting","medium"
"14673",0.43,0.5,2,137,3,0,1,0,"support","medium"
"14678",0.37,0.48,2,134,3,0,1,0,"marketing","medium"
"14679",0.09,0.95,6,292,4,0,1,0,"sales","medium"
"14688",0.11,0.87,5,271,4,0,1,0,"sales","low"
"14695",0.42,0.54,2,143,3,1,1,0,"sales","low"
"14697",0.32,0.95,5,172,2,0,1,0,"sales","low"
"14698",0.38,0.49,2,135,3,0,1,0,"accounting","low"
"14700",0.1,0.83,7,276,4,0,1,0,"accounting","low"
"14703",0.39,0.51,2,151,3,0,1,0,"hr","medium"
"14704",0.11,0.83,6,244,4,0,1,0,"hr","medium"
"14707",0.82,0.99,4,263,6,0,1,0,"technical","medium"
"14709",0.59,0.49,7,263,4,0,1,0,"technical","medium"
"14711",0.89,0.95,2,181,5,0,1,0,"technical","medium"
"14712",0.91,0.84,5,265,5,0,1,0,"technical","medium"
"14716",0.78,0.83,4,217,6,0,1,0,"support","medium"
"14729",0.09,0.86,7,309,4,0,1,0,"technical","low"
"14731",0.39,0.51,2,129,3,0,1,0,"IT","low"
"14732",0.87,0.94,4,274,5,0,1,0,"IT","low"
"14735",0.74,0.82,4,239,6,0,1,0,"IT","low"
"14739",0.09,0.9,7,289,4,0,1,0,"product_mng","low"
"14753",0.81,0.87,4,254,5,0,1,0,"marketing","low"
"14755",0.89,0.92,5,237,5,0,1,0,"sales","medium"
"14756",0.43,0.49,2,135,3,0,1,0,"sales","medium"
"14757",0.78,1,5,236,5,0,1,0,"sales","medium"
"14763",0.75,0.99,5,254,5,0,1,0,"sales","low"
"14767",0.1,0.9,7,281,4,0,1,0,"sales","low"
"14771",0.11,0.8,7,296,4,0,1,0,"sales","low"
"14774",0.4,0.57,2,160,3,0,1,0,"accounting","low"
"14778",0.11,0.79,7,310,4,0,1,0,"hr","low"
"14783",0.73,1,4,252,5,0,1,0,"technical","medium"
"14786",0.37,0.49,2,151,3,0,1,0,"technical","medium"
"14788",0.48,0.78,2,198,2,0,1,0,"technical","medium"
"14790",0.9,0.96,5,243,5,0,1,0,"technical","medium"
"14800",0.87,0.9,5,258,5,0,1,0,"support","low"
"14802",0.38,0.55,2,148,3,0,1,0,"support","low"
"14809",0.11,0.9,6,263,4,0,1,0,"IT","low"
"14812",0.77,0.98,5,259,6,0,1,0,"product_mng","low"
"14816",0.11,0.79,6,292,4,0,1,0,"IT","low"
"14819",0.11,0.88,5,250,4,0,1,0,"RandD","medium"
"14823",0.39,0.53,2,127,3,0,1,0,"sales","medium"
"14824",0.37,0.47,2,138,3,1,1,0,"accounting","medium"
"14828",0.39,0.49,2,144,3,0,1,0,"marketing","medium"
"14831",0.43,0.51,2,141,3,0,1,0,"sales","low"
"14834",0.1,0.55,2,247,4,0,1,0,"sales","medium"
"14842",0.1,0.9,7,286,4,0,1,0,"sales","low"
"14843",0.34,0.67,4,141,2,0,1,0,"sales","low"
"14844",0.11,0.89,6,260,5,0,1,0,"sales","low"
"14847",0.39,0.57,2,127,3,0,1,0,"sales","low"
"14848",0.44,0.53,2,140,3,0,1,0,"sales","low"
"14849",0.43,0.52,2,147,3,0,1,0,"sales","low"
"14851",0.43,0.48,2,153,3,0,1,0,"accounting","low"
"14852",0.37,0.52,2,128,3,0,1,0,"accounting","low"
"14853",0.74,0.97,4,228,5,0,1,0,"hr","low"
"14854",0.73,0.97,5,235,5,0,1,0,"hr","low"
"14857",0.4,0.54,2,141,3,0,1,0,"technical","medium"
"14860",0.45,0.54,2,129,3,0,1,0,"technical","medium"
"14870",0.38,0.53,2,146,3,0,1,0,"support","low"
"14872",0.44,0.5,2,130,3,0,1,0,"support","medium"
"14873",0.39,0.46,2,136,3,0,1,0,"support","medium"
"14887",0.42,0.47,2,135,3,0,1,0,"sales","low"
"14890",0.36,0.51,2,130,3,0,1,0,"sales","low"
"14892",0.85,0.87,5,246,5,1,1,0,"sales","medium"
"14895",0.38,0.47,2,128,3,0,1,0,"sales","medium"
"14899",0.1,0.9,7,269,4,0,1,0,"accounting","medium"
"14900",0.1,0.81,7,244,5,0,1,0,"hr","medium"
"14919",0.09,0.89,6,282,4,0,1,0,"support","low"
"14920",0.37,0.54,2,157,3,0,1,0,"support","low"
"14921",0.87,0.91,5,228,5,0,1,0,"support","low"
"14923",0.11,0.86,6,286,4,0,1,0,"support","low"
"14934",0.1,0.94,7,264,4,0,1,0,"IT","medium"
"14935",0.44,0.53,2,155,3,0,1,0,"product_mng","medium"
"14936",0.4,0.49,2,143,3,0,1,0,"product_mng","medium"
"14938",0.46,0.55,2,147,3,0,1,0,"product_mng","medium"
"14943",0.2,0.5,5,135,6,0,1,0,"RandD","low"
"14948",0.91,0.98,4,242,6,0,1,0,"support","low"
"14955",0.39,0.53,2,146,3,0,1,0,"sales","low"
"14958",0.82,0.94,5,236,5,0,1,0,"sales","low"
"14962",0.73,0.97,6,189,2,0,1,0,"sales","low"
"14965",0.1,0.97,6,280,4,0,1,0,"sales","low"
"14968",0.43,0.51,2,128,3,0,1,0,"sales","low"
"14969",0.4,0.47,2,128,3,0,1,0,"sales","medium"
"14971",0.78,0.93,4,225,5,0,1,0,"sales","medium"
"14978",0.81,0.85,4,251,6,0,1,0,"hr","medium"
"14984",0.72,0.84,5,257,5,0,1,0,"technical","medium"
"14986",0.91,0.99,5,254,5,0,1,0,"technical","medium"
"14991",0.89,0.88,5,228,5,1,1,0,"support","low"
"14994",0.76,0.83,6,293,6,0,1,0,"support","low"
"14995",0.4,0.57,2,151,3,0,1,0,"support","low"
"14997",0.37,0.53,2,143,3,0,1,0,"support","low"
"14999",0.37,0.52,2,158,3,0,1,0,"support","low"
